corridor_id,camera_id,vehicle_id,from_frame,to_frame,from_camera,to_camera,description,class
0,c010,1,0.0,125.0,c016,c010,white subaru outback,2
0,c010,2,,77.0,,c016,gray ram suv,2
0,c010,3,11.0,182.0,c016,c010,gray chevy suv,2
0,c010,4,17.0,248.0,c010,c016,red mercury sedan,2
0,c010,5,138.0,377.0,c010,c016,blue ford suv,2
0,c010,6,159.0,360.0,c016,c010,black nissan suv,2
0,c010,7,350.0,377.0,c016,c010,blue ford sedan,2
0,c010,8,424.0,611.0,c010,c016,black jeep wrangler,2
0,c010,9,531.0,681.0,c010,c016,charcoal chevy suburban,2
0,c010,10,549.0,715.0,c010,c016,red chevy pickup,2
0,c010,11,611.0,763.0,c010,c016,white subaru outback,2
0,c010,12,837.0,962.0,c016,c010,white chrystler minivan,2
0,c010,13,1200.0,1334.0,c016,c010,black gmc suv,2
0,c010,14,1257.0,1334.0,c010,c010,gray toyota rav4,2
0,c010,15,1509.0,1645.0,c016,c010,blue chevy suv,2
0,c010,16,1536.0,1702.0,c010,c016,tan saab sedan,2
0,c010,17,1600.0,1702.0,c016,c010,gray chevy sedan,2
0,c010,18,1720.0,1842.0,c016,c010,black chevy sedan,2
0,c010,19,1796.0,1819.0,c016,c010,tan ford sedan,2
0,c010,20,2066.0,2173.0,c016,c010,gray nissan suv,2
0,c010,21,2104.0,2226.0,c010,c016,red chevy suburban,2
0,c010,22,2134.0,2205.0,c016,c010,red ram minivan,2
0,c010,23,2185.0,2252.0,c016,c010,black ford pickup,2
0,c010,24,2509.0,2602.0,c016,c010,blue chevy pickup,2
0,c010,25,2543.0,2628.0,c010,c016,tan subaru sedan,2
0,c010,26,2578.0,2628.0,c016,c010,white buick suv,2
0,c010,27,2645.0,2704.0,c016,c010,tan chevy sedan,2
0,c010,28,2645.0,2753.0,c010,c016,red subaru forester,2
0,c010,29,2753.0,2886.0,c010,c016,gray toyota sedan,2
0,c010,30,3072.0,3153.0,c010,c016,yellow sedan,2
0,c010,31,3160.0,3230.0,c010,c016,red ford pickup,2
0,c010,32,3160.0,3225.0,c016,c010,black chevy pickup,2
0,c010,33,3216.0,3293.0,c010,c016,gray toyota minivan,2
0,c010,34,3259.0,3327.0,c010,c016,silver chevy pickup,2
0,c010,35,3293.0,3358.0,c010,c016,white subaru sedan,2
0,c010,36,3366.0,3411.0,c016,c010,green chevy car,2
0,c010,37,3811.0,3892.0,c010,c016,tan toyota rav4,2
0,c010,38,3884.0,3955.0,c010,c016,gray mazda suv,2
0,c010,39,3984.0,4046.0,c016,c010,black toyota sedan,2
0,c010,40,4025.0,4067.0,c016,c010,black mazda sedan,2
0,c016,41,,0.0,,c016,red ford suv,2
0,c016,42,61.0,125.0,c016,c017,black chevy pickup,2
0,c016,2,181.0,247.0,c016,c017,gray ram suv,2
0,c016,43,255.0,311.0,c017,c016,gray toyota rav4,2
0,c016,44,278.0,328.0,c017,c016,blue jeep cherokee,2
0,c016,45,309.0,353.0,c017,c016,gray honda sedan,2
0,c016,46,439.0,480.0,c017,c016,blue honda crv,2
0,c016,47,446.0,496.0,c016,c017,gray bmw suv,2
0,c016,48,563.0,630.0,c016,c017,white gmc suv,2
0,c016,5,590.0,669.0,c016,c017,blue ford suv,2
0,c016,49,716.0,789.0,c016,c017,silver ram pickup,2
0,c016,50,738.0,823.0,c016,c017,red chevy pickup,2
0,c016,51,767.0,823.0,c016,c017,black buick sedan,2
0,c016,52,830.0,874.0,c017,c016,gray toyota sedan,2
0,c016,53,840.0,876.0,c016,c017,gray kia sedan,2
0,c016,54,888.0,942.0,c017,c016,white chevy suv,2
0,c016,13,905.0,942.0,c017,c016,black gmc suv,2
0,c016,9,926.0,980.0,c016,c017,charcoal chevy suburban,2
0,c016,10,926.0,968.0,c016,c017,red chevy pickup,2
0,c016,56,949.0,991.0,c017,c016,blue ford sedan,2
0,c016,11,968.0,1016.0,c016,c017,white subaru outback,2
0,c016,57,968.0,1020.0,c017,c016,red ford suv,2
0,c016,58,1006.0,1059.0,c017,c016,blue gmc suv,2
0,c016,59,1035.0,1080.0,c017,c016,black jeep cherokee,2
0,c016,15,1150.0,1207.0,c017,c016,blue chevy suv,2
0,c016,60,1184.0,1236.0,c017,c016,blue jeep suv,2
0,c016,17,1292.0,1331.0,c017,c016,gray chevy sedan,2
0,c016,18,1355.0,1405.0,c017,c016,black chevy sedan,2
0,c016,61,1454.0,1499.0,c017,c016,red jeep suv,2
0,c016,62,1579.0,1618.0,c017,c016,blue honda crv,2
0,c016,63,1638.0,1680.0,c017,c016,silver hyundai suv,2
0,c016,64,1680.0,1731.0,c016,c017,police car,2
0,c016,20,1693.0,1744.0,c017,c016,gray nissan suv,2
0,c016,22,1744.0,1803.0,c017,c016,red ram minivan,2
0,c016,23,1762.0,1818.0,c017,c016,black ford pickup,2
0,c016,16,1901.0,1946.0,c016,c017,tan saab sedan,2
0,c016,65,2068.0,2109.0,c016,c017,gray jeep wrangler,2
0,c016,66,2109.0,2145.0,c017,c016,black nissan suv,2
0,c016,67,2145.0,2189.0,c017,c016,white chrystler minivan,2
0,c016,26,2155.0,2189.0,c017,c016,white buick suv,2
0,c016,68,2205.0,2247.0,c017,c016,tan chevy sedan,2
0,c016,69,2232.0,2266.0,c017,c016,blue saab sedan,2
0,c016,70,2266.0,2319.0,c017,c016,white kia suv,2
0,c016,71,2303.0,2352.0,c017,c016,gray chevy pickup,2
0,c016,72,2319.0,2364.0,c017,c016,blue ford suv,2
0,c016,73,2352.0,2400.0,c017,c016,blue hyundai suv,2
0,c016,74,2645.0,2686.0,c017,c016,white sedan,2
0,c016,75,2656.0,2693.0,c017,c016,black chevy sedan,2
0,c016,76,2709.0,2746.0,c017,c016,blue ford suv,2
0,c016,77,2780.0,2836.0,c016,c017,red ram minivan,2
0,c016,78,2817.0,2853.0,c017,c016,blue honda sedan,2
0,c016,79,2827.0,2864.0,c017,c016,red jeep cherokee,2
0,c016,80,2836.0,2873.0,c017,c016,white ford pickup,2
0,c016,36,2905.0,2957.0,c017,c016,green chevy car,2
0,c016,27,2915.0,2970.0,c016,c017,tan chevy sedan,2
0,c016,81,2970.0,3024.0,c016,c017,black honda sedan,2
0,c016,28,3059.0,3097.0,c016,c017,red subaru forester,2
0,c016,82,3104.0,3153.0,c017,c016,gray ford fusion,2
0,c016,29,3221.0,3270.0,c016,c017,gray toyota sedan,2
0,c016,83,3235.0,3279.0,c017,c016,blue chevy pickup,2
0,c016,84,3263.0,3297.0,c016,c017,black chevy pickup,2
0,c016,85,3279.0,3317.0,c017,c016,red ram suv,2
0,c016,86,3305.0,3341.0,c017,c016,black sedan,2
0,c016,87,3341.0,3377.0,c016,c017,gray toyota suv,2
0,c016,88,3448.0,3489.0,c017,c016,red ford pickup,2
0,c016,30,3461.0,3507.0,c016,c017,yellow sedan,2
0,c016,89,3461.0,3495.0,c017,c016,black jeep wrangler,2
0,c016,90,3489.0,3530.0,c016,c017,gray hyundai suv,2
0,c016,92,3507.0,3555.0,c017,c016,black buick suv,2
0,c016,91,3502.0,3535.0,c016,c017,red ford pickup,2
0,c016,93,3535.0,3585.0,c017,c016,gray nissan suv,2
0,c016,39,3548.0,3594.0,c017,c016,black toyota sedan,2
0,c016,40,3585.0,3620.0,c017,c016,black mazda sedan,2
0,c016,33,3594.0,3647.0,c016,c017,gray toyota minivan,2
0,c016,34,3620.0,3684.0,c016,c017,silver chevy pickup,2
0,c016,35,3647.0,3684.0,c016,c017,white subaru sedan,2
0,c016,94,3733.0,3774.0,c016,c017,gray ford suv,2
0,c016,95,3822.0,3875.0,c016,c017,silver chevy suv,2
0,c016,96,3842.0,3875.0,c017,c016,black ford pickup,2
0,c016,98,3842.0,3893.0,c017,c016,silver ram pickup,2
0,c016,97,3860.0,3893.0,c017,c016,white subaru outback,2
0,c016,99,3875.0,3913.0,c017,c016,silver nissan sedan,2
0,c016,100,3930.0,,c017,,black ford suv,2
0,c017,101,0.0,17.0,c018,c016,black honda suv,2
0,c017,102,25.0,46.0,c016,c018,blue saab sedan,2
0,c017,103,152.0,186.0,c018,c016,gray chrystler sedan,2
0,c017,104,176.0,208.0,c018,c016,red jeep cherokee,2
0,c017,47,243.0,264.0,c016,c018,gray bmw suv,2
0,c017,48,341.0,357.0,c016,c018,white gmc suv,2
0,c017,43,474.0,498.0,c018,c016,gray toyota rav4,2
0,c017,49,498.0,506.0,c016,c018,silver ram pickup,2
0,c017,50,521.0,537.0,c016,c018,red chevy pickup,2
0,c017,45,545.0,570.0,c018,c016,gray honda sedan,2
0,c017,51,552.0,563.0,c016,c018,black buick sedan,2
0,c017,46,670.0,695.0,c018,c016,blue honda crv,2
0,c017,53,672.0,684.0,c016,c018,gray kia sedan,2
0,c017,52,1048.0,1071.0,c018,c016,gray toyota sedan,2
0,c017,54,1107.0,1129.0,c018,c016,white chevy suv,2
0,c017,56,1172.0,1187.0,c018,c016,blue ford sedan,2
0,c017,57,1228.0,1253.0,c018,c016,red ford suv,2
0,c017,58,1244.0,1274.0,c018,c016,blue gmc suv,2
0,c017,59,1269.0,1296.0,c018,c016,black jeep cherokee,2
0,c017,105,1412.0,1421.0,c016,c018,tan chevy sedan,2
0,c017,44,1433.0,1455.0,c018,c016,blue jeep cherokee,2
0,c017,64,1484.0,1499.0,c016,c018,police car,2
0,c017,61,1700.0,1728.0,c018,c016,red jeep suv,2
0,c017,62,1792.0,1810.0,c018,c016,blue honda crv,2
0,c017,65,1886.0,1894.0,c016,c018,gray jeep wrangler,2
0,c017,63,1901.0,1925.0,c018,c016,silver hyundai suv,2
0,c017,106,2305.0,2338.0,c018,c016,white chrystler suv,2
0,c017,66,2338.0,2362.0,c018,c016,black nissan suv,2
0,c017,67,2392.0,2419.0,c018,c016,white chrystler minivan,2
0,c017,68,2419.0,2438.0,c018,c016,tan chevy sedan,2
0,c017,69,2455.0,2474.0,c018,c016,blue saab sedan,2
0,c017,70,2488.0,2507.0,c018,c016,white kia suv,2
0,c017,71,2547.0,2576.0,c018,c016,gray chevy pickup,2
0,c017,77,2567.0,2586.0,c016,c018,red ram minivan,2
0,c017,72,,2586.0,,c016,blue ford suv,2
0,c017,73,2586.0,2602.0,c018,c016,blue hyundai suv,2
0,c017,107,2763.0,2774.0,c016,c018,blue sedan,2
0,c017,74,2852.0,2872.0,c018,c016,white sedan,2
0,c017,75,2872.0,2889.0,c018,c016,black chevy sedan,2
0,c017,76,2931.0,2946.0,c018,c016,blue ford suv,2
0,c017,78,3030.0,3050.0,c018,c016,blue honda sedan,2
0,c017,84,3030.0,3041.0,c016,c018,black chevy pickup,2
0,c017,79,3044.0,3064.0,c018,c016,red jeep cherokee,2
0,c017,80,3064.0,3085.0,c018,c016,white ford pickup,2
0,c017,87,3167.0,3180.0,c016,c018,gray toyota suv,2
0,c017,90,3251.0,3267.0,c016,c018,gray hyundai suv,2
0,c017,82,3365.0,3386.0,c018,c016,gray ford fusion,2
0,c017,83,3438.0,3457.0,c018,c016,blue chevy pickup,2
0,c017,85,3498.0,3522.0,c018,c016,red ram suv,2
0,c017,138,3526.0,3535.0,c016,c018,green ford suv,2
0,c017,108,3526.0,3548.0,c018,c016,red mazda sedan,2
0,c017,95,3624.0,3636.0,c016,c018,silver chevy suv,2
0,c017,88,3673.0,3698.0,c018,c016,red ford pickup,2
0,c017,89,3695.0,3717.0,c018,c016,black jeep wrangler,2
0,c017,92,3736.0,3756.0,c018,c016,black buick suv,2
0,c017,109,3745.0,3756.0,c016,c018,red ford sedan,2
0,c017,93,3762.0,3781.0,c018,c016,gray nissan suv,2
0,c018,110,0.0,6.0,c020,c017,red gmc suv,2
0,c018,111,15.0,22.0,c020,c017,gray sedan,2
0,c018,112,34.0,44.0,c020,c017,white mustang,2
0,c018,101,78.0,84.0,c020,c017,black honda suv,2
0,c018,47,162.0,173.0,c017,c020,gray bmw suv,2
0,c018,103,243.0,252.0,c020,c017,gray chrystler sedan,2
0,c018,48,255.0,263.0,c017,c020,white gmc suv,2
0,c018,104,266.0,275.0,c020,c017,red jeep cherokee,2
0,c018,49,412.0,424.0,c017,c020,silver ram pickup,2
0,c018,50,437.0,445.0,c017,c020,red chevy pickup,2
0,c018,51,473.0,482.0,c017,c020,black buick sedan,2
0,c018,114,2650.0,2659.0,c020,c017,white toyota suv,2
0,c018,53,605.0,615.0,c017,c020,gray kia sedan,2
0,c018,52,627.0,635.0,c020,c017,gray toyota sedan,2
0,c018,46,760.0,769.0,c020,c017,blue honda crv,2
0,c018,113,1137.0,1143.0,c020,c017,gray toyota sedan,2
0,c018,54,1187.0,1195.0,c020,c017,white chevy suv,2
0,c018,56,1246.0,1254.0,c020,c017,blue ford sedan,2
0,c018,57,1314.0,1323.0,c020,c017,red ford suv,2
0,c018,105,1334.0,1344.0,c017,c020,tan chevy sedan,2
0,c018,58,1334.0,1344.0,c020,c017,blue gmc suv,2
0,c018,59,1360.0,1369.0,c020,c017,black jeep cherokee,2
0,c018,64,1404.0,1412.0,c017,c020,police car,2
0,c018,44,1516.0,1524.0,c020,c017,blue jeep cherokee,2
0,c018,61,1794.0,1803.0,c020,c017,red jeep suv,2
0,c018,65,1819.0,1826.0,c017,c020,gray jeep wrangler,2
0,c018,62,1866.0,1874.0,c020,c017,blue honda crv,2
0,c018,63,1982.0,1989.0,c020,c017,silver hyundai suv,2
0,c018,106,2396.0,2402.0,c020,c017,white chrystler suv,2
0,c018,66,2425.0,2429.0,c020,c017,black nissan suv,2
0,c018,67,2481.0,2491.0,c020,c017,white chrystler minivan,2
0,c018,77,2481.0,2488.0,c017,c020,red ram minivan,2
0,c018,68,2503.0,2509.0,c020,c017,tan chevy sedan,2
0,c018,69,2533.0,2540.0,c020,c017,blue saab sedan,2
0,c018,70,2564.0,2570.0,c020,c017,white kia suv,2
0,c018,71,2636.0,2643.0,c020,c017,gray chevy pickup,2
0,c018,73,2668.0,2678.0,c020,c017,blue hyundai suv,2
0,c018,107,2685.0,2692.0,c017,c020,blue sedan,2
0,c018,74,2928.0,2933.0,c020,c017,white sedan,2
0,c018,75,2944.0,2952.0,c020,c017,black chevy sedan,2
0,c018,84,2952.0,2957.0,c017,c020,black chevy pickup,2
0,c018,76,3009.0,3015.0,c020,c017,blue ford suv,2
0,c018,87,3096.0,3101.0,c017,c020,gray toyota suv,2
0,c018,78,3105.0,3114.0,c020,c017,blue honda sedan,2
0,c018,79,3119.0,3128.0,c020,c017,red jeep cherokee,2
0,c018,80,3143.0,3152.0,c020,c017,white ford pickup,2
0,c018,90,3176.0,3183.0,c017,c020,gray hyundai suv,2
0,c018,95,3551.0,3558.0,c017,c020,silver chevy suv,2
0,c018,115,3456.0,3465.0,c020,c017,silver ford sedan,2
0,c018,83,3509.0,3513.0,c020,c017,blue chevy pickup,2
0,c018,85,3572.0,3581.0,c020,c017,red ram suv,2
0,c018,108,3606.0,3613.0,c020,c017,red mazda sedan,2
0,c018,109,3665.0,3674.0,c017,c020,red ford sedan,2
0,c018,88,3757.0,3766.0,c020,c017,red ford pickup,2
0,c018,89,3776.0,3786.0,c020,c017,black jeep wrangler,2
0,c018,92,3809.0,3816.0,c020,c017,black buick suv,2
0,c018,93,3829.0,3837.0,c020,c017,gray nissan suv,2
0,c020,110,38.0,52.0,c021,c018,red gmc suv,2
0,c020,111,55.0,64.0,c021,c018,gray sedan,2
0,c020,112,76.0,87.0,c021,c018,white mustang,2
0,c020,101,118.0,128.0,c021,c018,black honda suv,2
0,c020,47,155.0,169.0,c018,c021,gray bmw suv,2
0,c020,48,250.0,262.0,c018,c021,white gmc suv,2
0,c020,103,285.0,294.0,c021,c018,gray chrystler sedan,2
0,c020,104,308.0,316.0,c021,c018,red jeep cherokee,2
0,c020,116,345.0,370.0,c021,c018,white toyota suv,2
0,c020,49,404.0,419.0,c018,c021,silver ram pickup,2
0,c020,50,428.0,443.0,c018,c021,red chevy pickup,2
0,c020,51,471.0,483.0,c018,c021,black buick sedan,2
0,c020,114,2691.0,2700.0,c021,c018,white toyota suv,2
0,c020,53,606.0,615.0,c018,c021,gray kia sedan,2
0,c020,52,666.0,676.0,c021,c018,gray toyota sedan,2
0,c020,46,802.0,811.0,c021,c018,blue honda crv,2
0,c020,117,841.0,892.0,c018,c020,white van,2
0,c020,113,1175.0,1186.0,c021,c018,gray toyota sedan,2
0,c020,54,1227.0,1238.0,c021,c018,white chevy suv,2
0,c020,56,1286.0,1297.0,c021,c018,blue ford sedan,2
0,c020,105,1328.0,1342.0,c018,c021,tan chevy sedan,2
0,c020,57,1357.0,1366.0,c021,c018,red ford suv,2
0,c020,58,1378.0,1389.0,c021,c018,blue gmc suv,2
0,c020,64,1396.0,1411.0,c018,c021,police car,2
0,c020,59,1404.0,1415.0,c021,c018,black jeep cherokee,2
0,c020,44,1555.0,1566.0,c021,c018,blue jeep cherokee,2
0,c020,65,1816.0,1831.0,c018,c021,gray jeep wrangler,2
0,c020,61,1839.0,1850.0,c021,c018,red jeep suv,2
0,c020,62,1905.0,1916.0,c021,c018,blue honda crv,2
0,c020,63,2022.0,2034.0,c021,c018,silver hyundai suv,2
0,c020,118,2319.0,2348.0,c018,c021,green taxi minivan,2
0,c020,106,2434.0,2446.0,c021,c018,white chrystler suv,2
0,c020,66,2461.0,2469.0,c021,c018,black nissan suv,2
0,c020,77,2474.0,2487.0,c018,c021,red ram minivan,2
0,c020,67,2528.0,2543.0,c021,c018,white chrystler minivan,2
0,c020,68,2543.0,2554.0,c021,c018,tan chevy sedan,2
0,c020,69,2573.0,2585.0,c021,c018,blue saab sedan,2
0,c020,70,2601.0,2613.0,c021,c018,white kia suv,2
0,c020,71,2675.0,2682.0,c021,c018,gray chevy pickup,2
0,c020,107,2682.0,2695.0,c018,c021,blue sedan,2
0,c020,73,2711.0,2720.0,c021,c018,blue hyundai suv,2
0,c020,84,2945.0,2958.0,c018,c021,black chevy pickup,2
0,c020,74,2964.0,2978.0,c021,c018,white sedan,2
0,c020,75,2984.0,2992.0,c021,c018,black chevy sedan,2
0,c020,76,3048.0,3058.0,c021,c018,blue ford suv,2
0,c020,119,3082.0,3099.0,c021,c018,blue ford pickup,2
0,c020,87,3093.0,3105.0,c018,c021,gray toyota suv,2
0,c020,78,3146.0,3158.0,c021,c018,blue honda sedan,2
0,c020,79,3161.0,3172.0,c021,c018,red jeep cherokee,2
0,c020,90,3175.0,3185.0,c018,c021,gray hyundai suv,2
0,c020,80,3185.0,3197.0,c021,c018,white ford pickup,2
0,c020,138,3451.0,3459.0,c018,c021,green ford suv,2
0,c020,83,3543.0,3550.0,c021,c018,blue chevy pickup,2
0,c020,95,3553.0,3561.0,c018,c021,silver chevy suv,2
0,c020,85,3613.0,3625.0,c021,c018,red ram suv,2
0,c020,108,3644.0,3655.0,c021,c018,red mazda sedan,2
0,c020,109,3665.0,3675.0,c018,c021,red ford sedan,2
0,c020,88,3800.0,3812.0,c021,c018,red ford pickup,2
0,c020,89,3818.0,3830.0,c021,c018,black jeep wrangler,2
0,c020,92,3845.0,3856.0,c021,c018,black buick suv,2
0,c020,93,3865.0,3878.0,c021,c018,gray nissan suv,2
0,c021,120,,0.0,,c020,gray pickup,2
0,c021,110,46.0,76.0,c022,c020,red gmc suv,2
0,c021,111,64.0,96.0,c022,c020,gray sedan,2
0,c021,112,84.0,109.0,c022,c020,white mustang,2
0,c021,47,96.0,133.0,c020,c022,gray bmw suv,2
0,c021,101,128.0,151.0,c022,c020,black honda suv,2
0,c021,48,190.0,222.0,c020,c022,white gmc suv,2
0,c021,103,299.0,317.0,c022,c020,gray chrystler sedan,2
0,c021,104,317.0,337.0,c022,c020,red jeep cherokee,2
0,c021,49,352.0,381.0,c020,c022,silver ram pickup,2
0,c021,116,377.0,399.0,c022,c020,gray toyota suv,2
0,c021,50,381.0,405.0,c020,c022,red chevy pickup,2
0,c021,51,317.0,444.0,c020,c022,black buick sedan,2
0,c021,53,563.0,581.0,c020,c022,gray kia sedan,2
0,c021,52,604.0,624.0,c022,c020,gray toyota sedan,2
0,c021,113,1184.0,1207.0,c022,c020,gray honda sedan,2
0,c021,117,765.0,809.0,c020,c022,white van,2
0,c021,46,812.0,833.0,c022,c020,blue honda crv,2
0,c021,54,1235.0,1257.0,c022,c020,white chevy suv,2
0,c021,105,1280.0,1308.0,c020,c022,tan chevy sedan,2
0,c021,56,1297.0,1318.0,c022,c020,blue ford sedan,2
0,c021,64,1343.0,1375.0,c020,c022,police car,2
0,c021,57,1369.0,1393.0,c022,c020,red ford suv,2
0,c021,58,1389.0,1408.0,c022,c020,blue gmc suv,2
0,c021,59,1418.0,1441.0,c022,c020,black jeep cherokee,2
0,c021,44,1563.0,1589.0,c022,c020,blue jeep cherokee,2
0,c021,65,1777.0,1797.0,c020,c022,gray jeep wrangler,2
0,c021,61,1849.0,1877.0,c022,c020,red jeep suv,2
0,c021,62,1911.0,1935.0,c022,c020,blue honda crv,2
0,c021,63,2032.0,2059.0,c022,c020,silver hyundai suv,2
0,c021,118,2269.0,2299.0,c020,c022,green taxi minivan,2
0,c021,77,2423.0,2452.0,c020,c022,red ram minivan,2
0,c021,106,2441.0,2461.0,c022,c020,white chrystler suv,2
0,c021,66,2468.0,2490.0,c022,c020,black nissan suv,2
0,c021,67,2539.0,2564.0,c022,c020,white chrystler minivan,2
0,c021,68,2553.0,2578.0,c022,c020,tan chevy sedan,2
0,c021,69,2585.0,2605.0,c022,c020,blue saab sedan,2
0,c021,70,2611.0,2630.0,c022,c020,white kia suv,2
0,c021,107,2635.0,2656.0,c020,c022,blue honda sedan,2
0,c021,71,2682.0,2702.0,c022,c020,gray chevy pickup,2
0,c021,114,2698.0,2715.0,c022,c020,silver hyundai suv,2
0,c021,73,2720.0,2742.0,c022,c020,blue hyundai suv,2
0,c021,84,2895.0,2919.0,c020,c022,black chevy pickup,2
0,c021,74,2973.0,2993.0,c022,c020,white buick sedan,2
0,c021,75,2990.0,3008.0,c022,c020,black chevy sedan,2
0,c021,87,3045.0,3069.0,c020,c022,gray toyota suv,2
0,c021,76,3056.0,3077.0,c022,c020,blue ford suv,2
0,c021,119,3108.0,3130.0,c022,c020,blue ford pickup,2
0,c021,90,3130.0,3149.0,c020,c022,gray hyundai suv,2
0,c021,78,3157.0,3177.0,c022,c020,blue honda sedan,2
0,c021,79,3173.0,3193.0,c022,c020,red jeep cherokee,2
0,c021,80,3198.0,3219.0,c022,c020,white ford pickup,2
0,c021,138,3400.0,3421.0,c020,c022,green ford suv,2
0,c021,95,3501.0,3525.0,c020,c022,silver chevy suv,2
0,c021,83,3549.0,3567.0,c022,c020,blue chevy pickup,2
0,c021,109,3616.0,3638.0,c020,c022,red ford sedan,2
0,c021,85,3622.0,3642.0,c022,c020,red ram suv,2
0,c021,108,3653.0,3676.0,c022,c020,red mazda sedan,2
0,c021,88,3812.0,3831.0,c022,c020,red ford pickup,2
0,c021,89,3829.0,3849.0,c022,c020,blue jeep wrangler,2
0,c021,92,3852.0,3871.0,c022,c020,black buick suv,2
0,c021,93,3875.0,3892.0,c022,c020,gray nissan suv,2
0,c022,121,46.0,85.0,c023,c021,gray ram minivan,2
0,c022,49,50.0,77.0,c021,c023,white ram pickup,2
0,c022,50,85.0,117.0,c021,c023,red chevy pickup,2
0,c022,51,159.0,188.0,c021,c023,black buick sedan,2
0,c022,122,235.0,270.0,c021,c023,gray audi suv,2
0,c022,53,284.0,319.0,c021,c023,gray kia sedan,2
0,c022,120,298.0,355.0,c023,c021,gray pickup,2
0,c022,110,334.0,383.0,c023,c021,red gmc suv,2
0,c022,111,353.0,424.0,c023,c021,gray sedan,2
0,c022,112,379.0,445.0,c023,c021,white mustang,2
0,c022,101,424.0,476.0,c023,c021,black honda suv,2
0,c022,117,470.0,505.0,c021,c023,white van,2
0,c022,105,1006.0,1033.0,c021,c023,tan lincoln sedan,2
0,c022,123,565.0,586.0,c021,c023,red ford sedan,2
0,c022,116,702.0,756.0,c023,c021,gray toyota suv,2
0,c022,124,761.0,811.0,c023,c021,white ford pickup,2
0,c022,114,2939.0,2970.0,c023,c021,white toyota suv,2
0,c022,52,942.0,984.0,c023,c021,gray honda sedan,2
0,c022,125,1000.0,1033.0,c023,c021,black toyota suv,2
0,c022,64,1057.0,1083.0,c021,c023,police car,2
0,c022,46,1114.0,1152.0,c023,c021,blue honda crv,2
0,c022,126,1137.0,1165.0,c021,c023,blue kia suv,2
0,c022,127,1165.0,1197.0,c023,c021,black hyundai suv,2
0,c022,128,1207.0,1249.0,c023,c021,gray hyundai sedan,2
0,c022,129,1239.0,1275.0,c023,c021,white chrystler minivan,2
0,c022,113,1473.0,1512.0,c023,c021,gray toyota sedan,2
0,c022,54,1508.0,1541.0,c023,c021,white chevy suv,2
0,c022,65,1523.0,1546.0,c021,c023,gray jeep wrangler,2
0,c022,56,1588.0,1613.0,c023,c021,black ford sedan,2
0,c022,57,1668.0,1700.0,c023,c021,red ford suv,2
0,c022,58,1695.0,1731.0,c023,c021,black gmc suv,2
0,c022,59,1722.0,1754.0,c023,c021,black jeep cherokee,2
0,c022,130,1779.0,1822.0,c023,c021,gray chevy suv,2
0,c022,44,1856.0,1897.0,c023,c021,blue jeep cherokee,2
0,c022,131,1940.0,1977.0,c021,c023,gray dodge pickup,2
0,c022,132,1977.0,2029.0,c023,c021,white chevy pickup,2
0,c022,77,2097.0,2132.0,c021,c023,red ram minivan,2
0,c022,133,2139.0,2166.0,c021,c023,blue ford pickup,2
0,c022,61,2166.0,2191.0,c023,c021,red jeep suv,2
0,c022,62,2175.0,2208.0,c023,c021,black honda suv,2
0,c022,134,2217.0,2245.0,c023,c021,white jeep wrangler,2
0,c022,63,2286.0,2313.0,c023,c021,silver hyundai suv,2
0,c022,107,2354.0,2377.0,c021,c023,blue honda sedan,2
0,c022,135,2385.0,2425.0,c023,c021,black jeep suv,2
0,c022,84,2597.0,2630.0,c021,c023,black chevy pickup,2
0,c022,136,2630.0,2661.0,c023,c021,tan jeep suv,2
0,c022,106,2690.0,2719.0,c023,c021,white chrystler suv,2
0,c022,66,2729.0,2759.0,c023,c021,black nissan suv,2
0,c022,87,2776.0,2802.0,c021,c023,gray toyota suv,2
0,c022,67,2808.0,2830.0,c023,c021,white chrystler minivan,2
0,c022,68,2820.0,2850.0,c023,c021,tan chevy sedan,2
0,c022,90,2850.0,2875.0,c021,c023,gray hyundai suv,2
0,c022,69,2866.0,2896.0,c023,c021,blue saab sedan,2
0,c022,70,2891.0,2924.0,c023,c021,white kia suv,2
0,c022,71,2924.0,2955.0,c023,c021,gray chevy pickup,2
0,c022,73,2974.0,3003.0,c023,c021,gray hyundai suv,2
0,c022,137,3083.0,3122.0,c023,c021,gray chevy sedan,2
0,c022,138,3127.0,3149.0,c021,c023,green ford suv,2
0,c022,74,3214.0,3241.0,c023,c021,white buick sedan,2
0,c022,95,3234.0,3258.0,c021,c023,silver chevy suv,2
0,c022,75,3261.0,3292.0,c023,c021,black chevy sedan,2
0,c022,109,3319.0,3343.0,c021,c023,red ford sedan,2
0,c022,76,3323.0,3355.0,c023,c021,blue ford suv,2
0,c022,78,3435.0,3463.0,c023,c021,blue honda sedan,2
0,c022,79,3453.0,3480.0,c023,c021,red jeep cherokee,2
0,c022,80,3479.0,3507.0,c023,c021,white ford pickup,2
0,c022,139,3624.0,3656.0,c023,c021,blue chevy pickup,2
0,c022,83,3795.0,3820.0,c023,c021,blue chevy pickup,2
0,c022,140,3815.0,3847.0,c021,c023,gray chevy sedan,2
0,c022,141,3872.0,3900.0,c021,c023,black chevy sedan,2
0,c022,85,3887.0,3914.0,c023,c021,red ram suv,2
0,c022,142,3914.0,3937.0,c021,c023,white honda sedan,2
0,c022,108,3923.0,3950.0,c023,c021,red mazda sedan,2
0,c022,88,4098.0,4125.0,c023,c021,red ford pickup,2
0,c022,89,4113.0,4149.0,c023,c021,blue jeep wrangler,2
0,c022,143,4125.0,4149.0,c021,c023,gray honda pilot,2
0,c022,144,4149.0,4175.0,c021,c023,black jeep wrangler,2
0,c022,92,4152.0,4177.0,c023,c021,black buick suv,2
0,c022,93,4177.0,4206.0,c023,c021,gray nissan suv,2
0,c022,145,4180.0,4213.0,c021,c023,black honda suv,2
0,c022,146,4225.0,4256.0,c023,c021,tan ford focus,2
0,c022,147,4254.0,,c023,,gray dodge suv,2
0,c023,121,117.0,138.0,c025,c022,gray ram minivan,2
0,c023,49,55.0,73.0,c022,c025,white ram pickup,2
0,c023,50,90.0,105.0,c022,c025,red chevy pickup,2
0,c023,51,164.0,178.0,c022,c025,black buick sedan,2
0,c023,122,243.0,257.0,c022,c025,gray audi suv,2
0,c023,53,279.0,304.0,c022,c025,gray kia sedan,2
0,c023,120,385.0,411.0,c025,c022,gray pickup,2
0,c023,110,411.0,454.0,c025,c022,red gmc suv,2
0,c023,111,449.0,485.0,c025,c022,gray sedan,2
0,c023,112,474.0,506.0,c025,c022,white mustang,2
0,c023,101,510.0,529.0,c025,c022,black honda suv,2
0,c023,117,474.0,491.0,c022,c025,white van,2
0,c023,105,1012.0,1028.0,c022,c025,tan lincoln sedan,2
0,c023,123,570.0,585.0,c022,c025,red ford sedan,2
0,c023,116,785.0,808.0,c025,c022,gray toyota suv,2
0,c023,124,842.0,916.0,c025,c022,white ford pickup,2
0,c023,114,2996.0,3010.0,c025,c022,white toyota suv,2
0,c023,52,1012.0,1032.0,c025,c022,gray honda sedan,2
0,c023,125,1062.0,1076.0,c025,c022,purple toyota suv,2
0,c023,64,1065.0,1079.0,c022,c025,police car,2
0,c023,46,1180.0,1195.0,c025,c022,blue honda crv,2
0,c023,126,1142.0,1158.0,c022,c025,blue kia suv,2
0,c023,127,1225.0,1239.0,c025,c022,black hyundai suv,2
0,c023,128,1271.0,1291.0,c025,c022,gray hyundai sedan,2
0,c023,129,1304.0,1320.0,c025,c022,white chrystler minivan,2
0,c023,113,1537.0,1553.0,c025,c022,gray toyota sedan,2
0,c023,54,1568.0,1583.0,c025,c022,white chevy suv,2
0,c023,65,1529.0,1542.0,c022,c025,gray jeep wrangler,2
0,c023,56,1643.0,1653.0,c025,c022,black ford sedan,2
0,c023,57,1727.0,1740.0,c025,c022,red ford suv,2
0,c023,58,1757.0,1772.0,c025,c022,black gmc suv,2
0,c023,59,1781.0,1797.0,c025,c022,black jeep cherokee,2
0,c023,130,1850.0,1880.0,c025,c022,gray chevy suv,2
0,c023,44,1926.0,2077.0,c025,c022,blue jeep cherokee,2
0,c023,131,1940.0,1963.0,c022,c025,gray dodge pickup,2
0,c023,132,2054.0,2105.0,c025,c022,white chevy pickup,2
0,c023,77,2095.0,2118.0,c022,c025,red ram minivan,2
0,c023,133,2136.0,2161.0,c022,c025,blue ford pickup,2
0,c023,61,2220.0,2232.0,c025,c022,red jeep suv,2
0,c023,62,2235.0,2249.0,c025,c022,black honda suv,2
0,c023,134,2271.0,2284.0,c025,c022,white jeep wrangler,2
0,c023,63,2343.0,2350.0,c025,c022,silver hyundai suv,2
0,c023,107,2360.0,2375.0,c022,c025,blue honda sedan,2
0,c023,135,2455.0,2485.0,c025,c022,black jeep suv,2
0,c023,84,2597.0,2619.0,c022,c025,black chevy pickup,2
0,c023,136,2687.0,2705.0,c025,c022,tan jeep suv,2
0,c023,106,2748.0,2758.0,c025,c022,white chrystler suv,2
0,c023,66,2787.0,2800.0,c025,c022,black nissan suv,2
0,c023,87,2784.0,2798.0,c022,c025,gray toyota suv,2
0,c023,67,2858.0,2873.0,c025,c022,white chrystler minivan,2
0,c023,68,2876.0,2887.0,c025,c022,tan chevy sedan,2
0,c023,90,2854.0,2870.0,c022,c025,gray hyundai suv,2
0,c023,69,2924.0,2936.0,c025,c022,blue saab sedan,2
0,c023,70,2950.0,2965.0,c025,c022,white kia suv,2
0,c023,71,2983.0,2996.0,c025,c022,gray chevy pickup,2
0,c023,73,3030.0,3041.0,c025,c022,gray hyundai suv,2
0,c023,137,3148.0,3165.0,c025,c022,gray chevy sedan,2
0,c023,138,3134.0,3148.0,c022,c025,green ford suv,2
0,c023,74,3267.0,3278.0,c025,c022,white buick sedan,2
0,c023,95,3241.0,3255.0,c022,c025,silver chevy suv,2
0,c023,75,3320.0,3333.0,c025,c022,black chevy sedan,2
0,c023,109,3322.0,3341.0,c022,c025,red ford sedan,2
0,c023,76,3383.0,3398.0,c025,c022,blue ford suv,2
0,c023,78,3490.0,3502.0,c025,c022,blue honda sedan,2
0,c023,79,3507.0,3519.0,c025,c022,red jeep cherokee,2
0,c023,80,3533.0,3546.0,c025,c022,white ford pickup,2
0,c023,139,3685.0,3697.0,c025,c022,blue chevy pickup,2
0,c023,83,3847.0,3858.0,c025,c022,blue chevy pickup,2
0,c023,140,3815.0,3836.0,c022,c025,gray chevy sedan,2
0,c023,141,3878.0,3892.0,c022,c025,black chevy sedan,2
0,c023,85,3942.0,3955.0,c025,c022,red ram suv,2
0,c023,142,3921.0,3934.0,c022,c025,white honda sedan,2
0,c023,108,3977.0,3990.0,c025,c022,red mazda sedan,2
0,c023,88,4150.0,4165.0,c025,c022,red ford pickup,2
0,c023,89,4174.0,4187.0,c025,c022,blue jeep wrangler,2
0,c023,143,4131.0,4146.0,c022,c025,gray honda pilot,2
0,c023,144,4153.0,4169.0,c022,c025,black jeep wrangler,2
0,c023,92,4204.0,4220.0,c025,c022,black buick suv,2
0,c023,93,4233.0,4247.0,c025,c022,gray nissan suv,2
0,c023,145,4184.0,4201.0,c022,c025,black honda suv,2
0,c025,147,280.0,294.0,c025,c023,white chevy sedan,2
0,c025,49,0.0,11.0,c023,c025,white ram pickup,2
0,c025,50,35.0,43.0,c023,c025,red chevy pickup,2
0,c025,51,113.0,120.0,c023,c025,black buick sedan,2
0,c025,122,190.0,199.0,c023,c025,gray audi suv,2
0,c025,148,776.0,792.0,c025,c025,blue chevy suv,2
0,c025,120,435.0,448.0,c025,c023,gray pickup,2
0,c025,110,459.0,473.0,c025,c023,red gmc suv,2
0,c025,111,476.0,489.0,c025,c023,gray sedan,2
0,c025,112,497.0,511.0,c025,c023,white mustang,2
0,c025,101,518.0,529.0,c025,c023,black honda suv,2
0,c025,117,409.0,428.0,c023,c025,white van,2
0,c025,105,961.0,968.0,c023,c025,tan lincoln sedan,2
0,c025,123,521.0,529.0,c023,c025,red ford sedan,2
0,c025,116,939.0,953.0,c025,c023,gray toyota suv,2
0,c025,124,968.0,987.0,c025,c023,white ford pickup,2
0,c025,114,2991.0,2997.0,c025,c023,white toyota suv,2
0,c025,52,1021.0,1035.0,c025,c023,gray honda sedan,2
0,c025,125,1061.0,1074.0,c025,c023,purple toyota suv,2
0,c025,64,1013.0,1021.0,c023,c025,police car,2
0,c025,46,1179.0,1189.0,c025,c023,blue honda crv,2
0,c025,126,1088.0,1098.0,c023,c025,blue kia suv,2
0,c025,127,1223.0,1232.0,c025,c023,black hyundai suv,2
0,c025,128,1277.0,1288.0,c025,c023,gray hyundai sedan,2
0,c025,129,1304.0,1319.0,c025,c023,white chrystler minivan,2
0,c025,113,1536.0,1548.0,c025,c023,gray toyota sedan,2
0,c025,54,1565.0,1576.0,c025,c023,white chevy suv,2
0,c025,65,1479.0,1488.0,c023,c025,gray jeep wrangler,2
0,c025,56,1634.0,1645.0,c025,c023,black ford sedan,2
0,c025,57,1720.0,1731.0,c025,c023,red ford suv,2
0,c025,58,1755.0,1765.0,c025,c023,black gmc suv,2
0,c025,59,1780.0,1793.0,c025,c023,black jeep cherokee,2
0,c025,130,2046.0,2064.0,c025,c023,gray chevy suv,2
0,c025,44,2077.0,2093.0,c025,c023,blue jeep cherokee,2
0,c025,132,2102.0,2117.0,c025,c023,white chevy pickup,2
0,c025,77,1931.0,2042.0,c023,c025,red ram minivan,2
0,c025,61,2213.0,2224.0,c025,c023,red jeep suv,2
0,c025,62,2230.0,2243.0,c025,c023,black honda suv,2
0,c025,134,2266.0,2275.0,c025,c023,white jeep wrangler,2
0,c025,63,2334.0,2341.0,c025,c023,silver hyundai suv,2
0,c025,107,2308.0,2317.0,c023,c025,blue honda sedan,2
0,c025,135,2457.0,2562.0,c025,c023,black jeep suv,2
0,c025,84,2369.0,2453.0,c023,c025,black chevy pickup,2
0,c025,136,2691.0,2704.0,c025,c023,tan jeep suv,2
0,c025,106,2740.0,2747.0,c025,c023,white chrystler suv,2
0,c025,66,2779.0,2788.0,c025,c023,black nissan suv,2
0,c025,87,2731.0,2740.0,c023,c025,gray toyota suv,2
0,c025,67,2849.0,2858.0,c025,c023,white chrystler minivan,2
0,c025,68,2869.0,2877.0,c025,c023,tan chevy sedan,2
0,c025,90,2798.0,2808.0,c023,c025,gray hyundai suv,2
0,c025,69,2919.0,2928.0,c025,c023,blue saab sedan,2
0,c025,70,2948.0,2958.0,c025,c023,white kia suv,2
0,c025,71,2977.0,2988.0,c025,c023,gray chevy pickup,2
0,c025,73,3022.0,3031.0,c025,c023,gray hyundai suv,2
0,c025,137,3150.0,3161.0,c025,c023,gray chevy sedan,2
0,c025,138,3085.0,3092.0,c023,c025,green ford suv,2
0,c025,74,3260.0,3268.0,c025,c023,white buick sedan,2
0,c025,95,3188.0,3198.0,c023,c025,silver chevy suv,2
0,c025,75,3315.0,3324.0,c025,c023,black chevy sedan,2
0,c025,109,3265.0,3277.0,c023,c025,red ford sedan,2
0,c025,76,3379.0,3387.0,c025,c023,blue ford suv,2
0,c025,78,3484.0,3491.0,c025,c023,blue honda sedan,2
0,c025,79,3500.0,3507.0,c025,c023,red jeep cherokee,2
0,c025,80,3527.0,3536.0,c025,c023,white ford pickup,2
0,c025,139,3681.0,3692.0,c025,c023,blue chevy pickup,2
0,c025,83,3840.0,3848.0,c025,c023,blue chevy pickup,2
0,c025,140,3758.0,3768.0,c023,c025,gray chevy sedan,2
0,c025,141,3824.0,3834.0,c023,c025,black chevy sedan,2
0,c025,85,3937.0,3945.0,c025,c023,red ram suv,2
0,c025,142,3866.0,3876.0,c023,c025,white honda sedan,2
0,c025,108,3972.0,3981.0,c025,c023,red mazda sedan,2
0,c025,88,4147.0,4156.0,c025,c023,red ford pickup,2
0,c025,89,4169.0,4179.0,c025,c023,blue jeep wrangler,2
0,c025,143,4075.0,4086.0,c023,c025,gray honda pilot,2
0,c025,144,4100.0,4110.0,c023,c025,black jeep wrangler,2
0,c025,93,4231.0,4239.0,c025,c023,gray nissan suv,2
0,c025,145,4131.0,4140.0,c023,c025,black honda suv,2
0,c025,149,800.0,817.0,c025,c023,red dodge suv,2
0,c025,150,822.0,837.0,c025,c023,gray toyota suv,2
0,c025,151,2396.0,2419.0,c025,c023,white gmc suv,2
1,c019,0,57.0,60.0,c024,c019,red gmc suv,2
1,c019,1,74.0,77.0,c024,c019,silver chevy sedan,2
1,c019,2,94.0,98.0,c024,c019,white mustang,2
1,c019,3,135.0,140.0,c024,c019,black honda suv,2
1,c019,4,201.0,207.0,c019,c024,silver bmw suv,2
1,c019,5,290.0,297.0,c019,c024,white gmc suv,2
1,c019,6,304.0,307.0,c024,c019,gray chrystler sedan,2
1,c019,7,326.0,330.0,c024,c019,red jeep suv,2
1,c019,8,346.0,360.0,c024,c019,silver toyota suv,2
1,c019,9,449.0,453.0,c019,c024,white toyota pickup,2
1,c019,10,472.0,479.0,c019,c024,red chevy pickup,2
1,c019,11,513.0,517.0,c019,c024,black buick sedan,2
1,c019,12,610.0,621.0,c024,c019,white toyota crv,2
1,c019,13,640.0,648.0,c019,c024,gray kia sedan,2
1,c019,14,683.0,691.0,c024,c019,gray volvo sedan,2
1,c019,15,810.0,825.0,c024,c019,blue toyota crv,2
1,c019,16,1190.0,1200.0,c024,c019,silver acura sedan,2
1,c019,17,1240.0,1251.0,c024,c019,white chevy suv,2
1,c019,18,1300.0,1311.0,c024,c019,black ford sedan,2
1,c019,19,1370.0,1377.0,c019,c024,gold chevy sedan,2
1,c019,20,1370.0,1380.0,c024,c019,red ford suv,2
1,c019,21,1390.0,1402.0,c024,c019,black gmc suv,2
1,c019,22,1412.0,1428.0,c024,c019,green jeep suv,2
1,c019,23,1438.0,1446.0,c019,c024,police car,2
1,c019,24,1566.0,1579.0,c024,c019,blue jeep suv,2
1,c019,25,1852.0,1862.0,c024,c019,red jeep box suv,2
1,c019,26,1859.0,1864.0,c019,c024,silver jeep wrangler,2
1,c019,27,1920.0,1929.0,c024,c019,dark gray honda crv,2
1,c019,28,2037.0,2047.0,c024,c019,gray hyundai suv,2
1,c019,29,2380.0,2401.0,c019,c024,green cab,2
1,c019,30,2450.0,2459.0,c024,c019,white chrystler suv,2
1,c019,31,2477.0,2485.0,c024,c019,gray nissan suv,2
1,c019,32,2512.0,2524.0,c019,c024,red dodge minivan,2
1,c019,33,2541.0,2551.0,c024,c019,white dodge minivan,2
1,c019,34,2551.0,2567.0,c024,c019,gold chevy sedan,2
1,c019,35,2588.0,2598.0,c024,c019,blue saab sedan,2
1,c019,36,2612.0,2625.0,c024,c019,white kia suv,2
1,c019,37,2689.0,2701.0,c024,c019,brown chevy pickup,2
1,c019,38,2708.0,2715.0,c024,c019,gray chevy suv,2
1,c019,39,2723.0,2728.0,c019,c024,blue honda sedan,2
1,c019,40,2728.0,2735.0,c024,c019,brown hyundai suv,2
1,c019,41,2980.0,2989.0,c024,c019,white buick sedan,2
1,c019,42,2988.0,2994.0,c019,c024,black chevy pickup,2
1,c019,43,3000.0,3008.0,c024,c019,blue chevy sedan,2
1,c019,44,3060.0,3072.0,c024,c019,gray ford suv,2
1,c019,45,3079.0,3106.0,c024,c019,blue ford pickup,2
1,c019,46,3130.0,3139.0,c019,c024,silver honda crv,2
1,c019,47,3159.0,3171.0,c024,c019,dark gray honda sedan,2
1,c019,48,3178.0,3186.0,c024,c019,red jeep suv,2
1,c019,49,3201.0,3210.0,c024,c019,white ford pickup,2
1,c019,50,3211.0,3220.0,c019,c024,gray hyundai suv,2
1,c019,51,3487.0,3492.0,c019,c024,green ford suv,2
1,c019,52,3560.0,3568.0,c024,c019,blue chevy pickup,2
1,c019,53,3588.0,3595.0,c019,c024,gray chevy suv,2
1,c019,54,3629.0,3638.0,c024,c019,red dodge suv,2
1,c019,55,3660.0,3669.0,c024,c019,red sedan,2
1,c019,56,3700.0,3710.0,c019,c024,orange ford sedan,2
1,c019,57,3812.0,3825.0,c024,c019,orange ford pickup,2
1,c019,58,3832.0,3843.0,c024,c019,blue jeep wrangler,2
1,c019,59,3860.0,3870.0,c024,c019,black buick suv,2
1,c019,60,3883.0,3892.0,c024,c019,gray nissan suv big,2
1,c024,9,79.0,89.0,c019,c026,white ram pickup,2
1,c024,10,113.0,120.0,c019,c026,red chevy pickup,2
1,c024,61,180.0,209.0,c026,c019,gray dodge minvan,2
1,c024,11,185.0,195.0,c019,c026,black buick sedan,2
1,c024,62,262.0,275.0,c019,c026,gray audi suv,2
1,c024,13,,309.0,,c026,gray kia sedan,2
1,c024,63,450.0,498.0,c026,c019,gray toyota pickup,2
1,c024,0,498.0,522.0,c026,c019,red gmc suv,2
1,c024,64,498.0,507.0,c019,c026,white van,2
1,c024,1,522.0,538.0,c026,c019,silver chevy sedan,2
1,c024,19,538.0,547.0,c019,c026,gold lincoln sedan,2
1,c024,2,547.0,561.0,c026,c019,white mustang,2
1,c024,3,567.0,580.0,c026,c019,black honda suv,2
1,c024,65,593.0,604.0,c019,c026,red ford sedan,2
1,c024,8,850.0,1000.0,c026,c019,silver toyota suv,2
1,c024,66,1000.0,1033.0,c026,c019,white ford pickup,2
1,c024,12,1033.0,1053.0,c026,c019,white toyota crv,2
1,c024,67,1037.0,1045.0,c019,c026,gold sedan,2
1,c024,14,1067.0,1084.0,c026,c019,gray volvo sedan,2
1,c024,23,1088.0,1097.0,c019,c026,police car,2
1,c024,15,1110.0,1126.0,c026,c019,purple toyota crv,2
1,c024,68,1163.0,1174.0,c019,c026,blue kia suv,2
1,c024,69,1230.0,1242.0,c026,c019,blue honda crv,2
1,c024,70,1273.0,1285.0,c026,c019,black hyundai suv,2
1,c024,95,1327.0,1339.0,c026,c019,silver acura sedan,2
1,c024,71,1355.0,1369.0,c026,c019,white chrystler minivan,2
1,c024,26,1553.0,1560.0,c019,c026,silver jeep wrangler,2
1,c024,16,1589.0,1602.0,c026,c019,silver acura sedan,2
1,c024,17,1619.0,1630.0,c026,c019,white chevy suv,2
1,c024,18,1687.0,1699.0,c026,c019,black ford sedan,2
1,c024,20,1773.0,1786.0,c026,c019,red ford suv,2
1,c024,21,1805.0,1821.0,c026,c019,black gmc suv,2
1,c024,22,1830.0,1845.0,c026,c019,green jeep suv,2
1,c024,72,1919.0,2111.0,c026,c019,silver chevy suv,2
1,c024,73,1951.0,1971.0,c019,c026,dark gray ram pickup,2
1,c024,32,2114.0,2126.0,c019,c026,red dodge minivan,2
1,c024,24,2119.0,2141.0,c026,c019,blue jeep suv,2
1,c024,74,2144.0,2165.0,c026,c019,white chevy pickup,2
1,c024,75,,2165.0,,c026,dark gray ford pickup,2
1,c024,25,2265.0,2276.0,c026,c019,red jeep box suv,2
1,c024,27,2284.0,2296.0,c026,c019,dark gray honda crv,2
1,c024,76,2320.0,2330.0,c026,c019,white jeep wrangler,2
1,c024,39,2384.0,2390.0,c019,c026,blue honda sedan,2
1,c024,28,2389.0,2398.0,c026,c019,gray hyundai suv,2
1,c024,77,2526.0,2608.0,c026,c019,black jeep suv,2
1,c024,42,2615.0,2630.0,c019,c026,black chevy pickup,2
1,c024,78,2745.0,2756.0,c026,c019,silver jeep suv,2
1,c024,30,2790.0,2804.0,c026,c019,silver chrystler suv,2
1,c024,46,2807.0,2816.0,c019,c026,silver toyota crv,2
1,c024,31,2835.0,2846.0,c026,c019,gray nissan suv,2
1,c024,50,2874.0,2885.0,c019,c026,gray hyundai suv,2
1,c024,33,2903.0,2913.0,c026,c019,white dodge minivan,2
1,c024,34,2923.0,2934.0,c026,c019,gold chevy sedan,2
1,c024,35,2973.0,2983.0,c026,c019,blue saab sedan,2
1,c024,36,3000.0,3012.0,c026,c019,white kia suv,2
1,c024,37,3032.0,3040.0,c026,c019,brown chevy pickup,2
1,c024,38,3045.0,3054.0,c026,c019,gray hyundai suv,2
1,c024,40,3077.0,3087.0,c026,c019,brown hyundai suv,2
1,c024,51,3160.0,3167.0,c019,c026,green ford suv,2
1,c024,79,3200.0,3214.0,c026,c019,silver chevy sedan,2
1,c024,53,3264.0,3273.0,c019,c026,gray chevy suv,2
1,c024,41,3313.0,3324.0,c026,c019,white buick sedan,2
1,c024,56,3343.0,3355.0,c019,c026,orange ford sedan,2
1,c024,43,3369.0,3380.0,c026,c019,blue ford sedan,2
1,c024,44,3432.0,3443.0,c026,c019,gray ford suv,2
1,c024,47,3537.0,3548.0,c026,c019,dark gray honda sedan,2
1,c024,48,3553.0,3564.0,c026,c019,red jeep suv,2
1,c024,49,3580.0,3592.0,c026,c019,white ford pickup,2
1,c024,80,3734.0,3746.0,c026,c019,gray chevy pickup,2
1,c024,81,3837.0,3848.0,c019,c026,silver sedan,2
1,c024,52,3890.0,3904.0,c026,c019,blue chevy pickup,2
1,c024,82,3902.0,3909.0,c019,c026,black chevy sedan,2
1,c024,83,3942.0,3952.0,c019,c026,white honda sedan,2
1,c024,54,3990.0,4000.0,c026,c019,red dodge suv,2
1,c024,55,4023.0,4036.0,c026,c019,red sedan,2
1,c024,84,4153.0,4164.0,c019,c026,gray suv,2
1,c024,85,4177.0,4185.0,c019,c026,dirty jeep wrangler,2
1,c024,57,4200.0,4212.0,c026,c019,orange ford pickup,2
1,c024,86,4209.0,4217.0,c019,c026,black honda crv,2
1,c024,58,4223.0,4234.0,c026,c019,blue jeep wrangler,2
1,c024,59,4261.0,4274.0,c026,c019,black buick suv,2
1,c024,60,4284.0,4295.0,c026,c019,gray nissan suv big,2
1,c026,11,40.0,68.0,c024,c026,black buick sedan,2
1,c026,62,113.0,142.0,c024,c026,gray audi suv,2
1,c026,64,318.0,353.0,c024,c026,white van,2
1,c026,87,334.0,365.0,c026,c024,silver chevy sedan,2
1,c026,19,357.0,399.0,c024,c026,gold lincoln sedan,2
1,c026,65,450.0,479.0,c024,c026,red ford sedan,2
1,c026,88,495.0,524.0,c026,c024,dark gray pickup,2
1,c026,0,516.0,544.0,c026,c024,red gmc suv,2
1,c026,1,429.0,563.0,c026,c024,silver chevy sedan,2
1,c026,2,550.0,586.0,c026,c024,white mustang,2
1,c026,3,570.0,608.0,c026,c024,black honda suv,2
1,c026,89,670.0,709.0,c026,c024,work truck,2
1,c026,90,837.0,872.0,c026,c024,blue chevy suv,2
1,c026,91,865.0,901.0,c026,c024,red dodge suv,2
1,c026,67,872.0,905.0,c024,c026,gold chevy sedan,2
1,c026,23,936.0,966.0,c024,c026,police car,2
1,c026,68,1003.0,1043.0,c024,c026,blue kia suv,2
1,c026,8,1008.0,1048.0,c026,c024,silver toyota suv,2
1,c026,92,1018.0,,c024,,black subaru forester,2
1,c026,66,1048.0,1092.0,c026,c024,white ford pickup,2
1,c026,12,1070.0,1115.0,c026,c024,white toyota crv,2
1,c026,93,1083.0,,c024,,red chevy sedan,2
1,c026,14,1098.0,1140.0,c026,c024,gray volvo sedan,2
1,c026,15,1120.0,1162.0,c026,c024,purple toyota crv,2
1,c026,94,1157.0,1212.0,c026,c024,black kia soul,2
1,c026,69,1227.0,1264.0,c026,c024,blue honda crv,2
1,c026,70,1273.0,1311.0,c026,c024,black hyundai suv,2
1,c026,95,1329.0,1366.0,c026,c024,silver acura sedan,2
1,c026,71,1354.0,1390.0,c026,c024,white chrystler minivan,2
1,c026,26,1400.0,1431.0,c024,c026,silver jeep wrangler,2
1,c026,16,1584.0,1613.0,c026,c024,silver acura sedan,2
1,c026,17,1607.0,1639.0,c026,c024,white chevy suv,2
1,c026,18,1675.0,1703.0,c026,c024,black ford sedan,2
1,c026,96,1732.0,1763.0,c026,c024,silver toyota crv,2
1,c026,20,1763.0,1799.0,c026,c024,red ford suv,2
1,c026,21,1802.0,1837.0,c026,c024,black gmc suv,2
1,c026,32,1812.0,1852.0,c024,c026,red dodge minivan,2
1,c026,22,1825.0,1858.0,c026,c024,green jeep suv,2
1,c026,97,1876.0,1927.0,c024,c026,black hyundai suv,2
1,c026,98,,2020.0,,c024,black bmw suv,2
1,c026,99,2080.0,,c024,,gray toyota suv,2
1,c026,72,2106.0,2139.0,c026,c024,silver chevy suv,2
1,c026,24,2132.0,2168.0,c026,c024,blue jeep suv,2
1,c026,74,2159.0,2197.0,c026,c024,white chevy pickup,2
1,c026,39,2225.0,2259.0,c024,c026,blue honda sedan,2
1,c026,25,2256.0,2284.0,c026,c024,red jeep box suv,2
1,c026,42,2268.0,2305.0,c024,c026,black chevy pickup,2
1,c026,27,2275.0,2305.0,c026,c024,dark gray honda crv,2
1,c026,76,2305.0,2333.0,c026,c024,white jeep wrangler,2
1,c026,28,2372.0,2400.0,c026,c024,gray hyundai suv,2
1,c026,100,2474.0,2510.0,c026,c024,white gmc suv,2
1,c026,77,2608.0,2638.0,c026,c024,black jeep suv,2
1,c026,46,2655.0,2686.0,c024,c026,silver toyota crv,2
1,c026,50,2710.0,2746.0,c024,c026,gray hyundai suv,2
1,c026,78,2746.0,2783.0,c026,c024,silver jeep suv,2
1,c026,30,2780.0,2810.0,c026,c024,silver chrystler suv,2
1,c026,31,2821.0,2851.0,c026,c024,gray nissan suv,2
1,c026,33,2883.0,2907.0,c026,c024,white dodge minivan,2
1,c026,34,2907.0,2932.0,c026,c024,gold chevy sedan,2
1,c026,45,2993.0,,c026,,blue saab sedan,2
1,c026,35,,2987.0,,c024,blue saab sedan,2
1,c026,36,2993.0,3023.0,c026,c024,white kia suv,2
1,c026,51,3014.0,3044.0,c024,c026,green ford suv,2
1,c026,37,3020.0,3046.0,c026,c024,brown chevy pickup,2
1,c026,38,3033.0,3060.0,c026,c024,gray hyundai suv,2
1,c026,40,3062.0,3090.0,c026,c024,brown hyundai suv,2
1,c026,53,3115.0,3145.0,c024,c026,gray chevy suv,2
1,c026,56,3176.0,3214.0,c024,c026,orange ford sedan,2
1,c026,79,3202.0,3234.0,c026,c024,silver chevy sedan,2
1,c026,41,3293.0,3316.0,c026,c024,white buick sedan,2
1,c026,43,3358.0,3386.0,c026,c024,blue ford sedan,2
1,c026,44,3420.0,3447.0,c026,c024,gray ford suv,2
1,c026,47,3521.0,3549.0,c026,c024,dark gray honda sedan,2
1,c026,48,3537.0,3565.0,c026,c024,red jeep suv,2
1,c026,49,3568.0,3594.0,c026,c024,white ford pickup,2
1,c026,81,3673.0,3705.0,c024,c026,silver chevy sedan,2
1,c026,82,3741.0,3775.0,c024,c026,black chevy sedan,2
1,c026,80,3750.0,3783.0,c026,c024,gray chevy pickup,2
1,c026,83,3792.0,3819.0,c024,c026,white honda sedan,2
1,c026,52,3877.0,3903.0,c026,c024,blue chevy pickup,2
1,c026,54,3978.0,4007.0,c026,c024,red dodge suv,2
1,c026,84,3989.0,4024.0,c024,c026,gray honda suv,2
1,c026,55,4013.0,4038.0,c026,c024,red sedan,2
1,c026,85,4032.0,4051.0,c024,c026,dirty jeep wrangler,2
1,c026,86,4057.0,4087.0,c024,c026,black honda crv,2
2,c019,0,57.0,60.0,c024,c019,red gmc suv,2
2,c019,1,74.0,77.0,c024,c019,silver chevy sedan,2
2,c019,2,94.0,98.0,c024,c019,white mustang,2
2,c019,3,135.0,140.0,c024,c019,black honda suv,2
2,c019,4,201.0,207.0,c019,c024,silver bmw suv,2
2,c019,5,290.0,297.0,c019,c024,white gmc suv,2
2,c019,6,304.0,307.0,c024,c019,gray chrystler sedan,2
2,c019,7,326.0,330.0,c024,c019,red jeep suv,2
2,c019,8,346.0,360.0,c024,c019,silver toyota suv,2
2,c019,9,449.0,453.0,c019,c024,white toyota pickup,2
2,c019,10,472.0,479.0,c019,c024,red chevy pickup,2
2,c019,11,513.0,517.0,c019,c024,black buick sedan,2
2,c019,12,610.0,621.0,c024,c019,white toyota crv,2
2,c019,13,640.0,648.0,c019,c024,gray kia sedan,2
2,c019,14,683.0,691.0,c024,c019,gray volvo sedan,2
2,c019,15,810.0,825.0,c024,c019,blue toyota crv,2
2,c019,16,1190.0,1200.0,c024,c019,silver acura sedan,2
2,c019,17,1240.0,1251.0,c024,c019,white chevy suv,2
2,c019,18,1300.0,1311.0,c024,c019,black ford sedan,2
2,c019,19,1370.0,1377.0,c019,c024,gold chevy sedan,2
2,c019,20,1370.0,1380.0,c024,c019,red ford suv,2
2,c019,21,1390.0,1402.0,c024,c019,black gmc suv,2
2,c019,22,1412.0,1428.0,c024,c019,green jeep suv,2
2,c019,23,1438.0,1446.0,c019,c024,police car,2
2,c019,24,1566.0,1579.0,c024,c019,blue jeep suv,2
2,c019,25,1852.0,1862.0,c024,c019,red jeep box suv,2
2,c019,26,1859.0,1864.0,c019,c024,silver jeep wrangler,2
2,c019,27,1920.0,1929.0,c024,c019,dark gray honda crv,2
2,c019,28,2037.0,2047.0,c024,c019,gray hyundai suv,2
2,c019,29,2380.0,2401.0,c019,c024,green cab,2
2,c019,30,2450.0,2459.0,c024,c019,white chrystler suv,2
2,c019,31,2477.0,2485.0,c024,c019,gray nissan suv,2
2,c019,32,2512.0,2524.0,c019,c024,red dodge minivan,2
2,c019,33,2541.0,2551.0,c024,c019,white dodge minivan,2
2,c019,34,2551.0,2567.0,c024,c019,gold chevy sedan,2
2,c019,35,2588.0,2598.0,c024,c019,blue saab sedan,2
2,c019,36,2612.0,2625.0,c024,c019,white kia suv,2
2,c019,37,2689.0,2701.0,c024,c019,brown chevy pickup,2
2,c019,38,2708.0,2715.0,c024,c019,gray chevy suv,2
2,c019,39,2723.0,2728.0,c019,c024,blue honda sedan,2
2,c019,40,2728.0,2735.0,c024,c019,brown hyundai suv,2
2,c019,41,2980.0,2989.0,c024,c019,white buick sedan,2
2,c019,42,2988.0,2994.0,c019,c024,black chevy pickup,2
2,c019,43,3000.0,3008.0,c024,c019,blue chevy sedan,2
2,c019,44,3060.0,3072.0,c024,c019,gray ford suv,2
2,c019,45,3079.0,3106.0,c024,c019,blue ford pickup,2
2,c019,46,3130.0,3139.0,c019,c024,silver honda crv,2
2,c019,47,3159.0,3171.0,c024,c019,dark gray honda sedan,2
2,c019,48,3178.0,3186.0,c024,c019,red jeep suv,2
2,c019,49,3201.0,3210.0,c024,c019,white ford pickup,2
2,c019,50,3211.0,3220.0,c019,c024,gray hyundai suv,2
2,c019,51,3487.0,3492.0,c019,c024,green ford suv,2
2,c019,52,3560.0,3568.0,c024,c019,blue chevy pickup,2
2,c019,53,3588.0,3595.0,c019,c024,gray chevy suv,2
2,c019,54,3629.0,3638.0,c024,c019,red dodge suv,2
2,c019,55,3660.0,3669.0,c024,c019,red sedan,2
2,c019,56,3700.0,3710.0,c019,c024,orange ford sedan,2
2,c019,57,3812.0,3825.0,c024,c019,orange ford pickup,2
2,c019,58,3832.0,3843.0,c024,c019,blue jeep wrangler,2
2,c019,59,3860.0,3870.0,c024,c019,black buick suv,2
2,c019,60,3883.0,3892.0,c024,c019,gray nissan suv big,2
2,c024,9,79.0,89.0,c019,c027,white ram pickup,2
2,c024,10,113.0,120.0,c019,c027,red chevy pickup,2
2,c024,61,180.0,209.0,c027,c019,gray dodge minvan,2
2,c024,11,185.0,195.0,c019,c027,black buick sedan,2
2,c024,62,262.0,275.0,c019,c027,gray audi suv,2
2,c024,13,,309.0,,c027,gray kia sedan,2
2,c024,63,450.0,498.0,c027,c019,gray toyota pickup,2
2,c024,0,498.0,522.0,c027,c019,red gmc suv,2
2,c024,64,498.0,507.0,c019,c027,white van,2
2,c024,1,522.0,538.0,c027,c019,silver chevy sedan,2
2,c024,19,538.0,547.0,c019,c027,gold lincoln sedan,2
2,c024,2,547.0,561.0,c027,c019,white mustang,2
2,c024,3,567.0,580.0,c027,c019,black honda suv,2
2,c024,65,593.0,604.0,c019,c027,red ford sedan,2
2,c024,8,850.0,1000.0,c027,c019,silver toyota suv,2
2,c024,66,1000.0,1033.0,c027,c019,white ford pickup,2
2,c024,12,1033.0,1053.0,c027,c019,white toyota crv,2
2,c024,67,1037.0,1045.0,c019,c027,gold sedan,2
2,c024,14,1067.0,1084.0,c027,c019,gray volvo sedan,2
2,c024,23,1088.0,1097.0,c019,c027,police car,2
2,c024,15,1110.0,1126.0,c027,c019,purple toyota crv,2
2,c024,68,1163.0,1174.0,c019,c027,blue kia suv,2
2,c024,69,1230.0,1242.0,c027,c019,blue honda crv,2
2,c024,70,1273.0,1285.0,c027,c019,black hyundai suv,2
2,c024,95,1327.0,1339.0,c027,c019,silver acura sedan,2
2,c024,71,1355.0,1369.0,c027,c019,white chrystler minivan,2
2,c024,26,1553.0,1560.0,c019,c027,silver jeep wrangler,2
2,c024,16,1589.0,1602.0,c027,c019,silver acura sedan,2
2,c024,17,1619.0,1630.0,c027,c019,white chevy suv,2
2,c024,18,1687.0,1699.0,c027,c019,black ford sedan,2
2,c024,20,1773.0,1786.0,c027,c019,red ford suv,2
2,c024,21,1805.0,1821.0,c027,c019,black gmc suv,2
2,c024,22,1830.0,1845.0,c027,c019,green jeep suv,2
2,c024,72,1919.0,2111.0,c027,c019,silver chevy suv,2
2,c024,73,1951.0,1971.0,c019,c027,dark gray ram pickup,2
2,c024,32,2114.0,2126.0,c019,c027,red dodge minivan,2
2,c024,24,2119.0,2141.0,c027,c019,blue jeep suv,2
2,c024,74,2144.0,2165.0,c027,c019,white chevy pickup,2
2,c024,75,,2165.0,,c027,dark gray ford pickup,2
2,c024,25,2265.0,2276.0,c027,c019,red jeep box suv,2
2,c024,27,2284.0,2296.0,c027,c019,dark gray honda crv,2
2,c024,76,2320.0,2330.0,c027,c019,white jeep wrangler,2
2,c024,39,2384.0,2390.0,c019,c027,blue honda sedan,2
2,c024,28,2389.0,2398.0,c027,c019,gray hyundai suv,2
2,c024,77,2526.0,2608.0,c027,c019,black jeep suv,2
2,c024,42,2615.0,2630.0,c019,c027,black chevy pickup,2
2,c024,78,2745.0,2756.0,c027,c019,silver jeep suv,2
2,c024,30,2790.0,2804.0,c027,c019,silver chrystler suv,2
2,c024,46,2807.0,2816.0,c019,c027,silver toyota crv,2
2,c024,31,2835.0,2846.0,c027,c019,gray nissan suv,2
2,c024,50,2874.0,2885.0,c019,c027,gray hyundai suv,2
2,c024,33,2903.0,2913.0,c027,c019,white dodge minivan,2
2,c024,34,2923.0,2934.0,c027,c019,gold chevy sedan,2
2,c024,35,2973.0,2983.0,c027,c019,blue saab sedan,2
2,c024,36,3000.0,3012.0,c027,c019,white kia suv,2
2,c024,37,3032.0,3040.0,c027,c019,brown chevy pickup,2
2,c024,38,3045.0,3054.0,c027,c019,gray hyundai suv,2
2,c024,40,3077.0,3087.0,c027,c019,brown hyundai suv,2
2,c024,51,3160.0,3167.0,c019,c027,green ford suv,2
2,c024,79,3200.0,3214.0,c027,c019,silver chevy sedan,2
2,c024,53,3264.0,3273.0,c019,c027,gray chevy suv,2
2,c024,41,3313.0,3324.0,c027,c019,white buick sedan,2
2,c024,56,3343.0,3355.0,c019,c027,orange ford sedan,2
2,c024,43,3369.0,3380.0,c027,c019,blue ford sedan,2
2,c024,44,3432.0,3443.0,c027,c019,gray ford suv,2
2,c024,47,3537.0,3548.0,c027,c019,dark gray honda sedan,2
2,c024,48,3553.0,3564.0,c027,c019,red jeep suv,2
2,c024,49,3580.0,3592.0,c027,c019,white ford pickup,2
2,c024,80,3734.0,3746.0,c027,c019,gray chevy pickup,2
2,c024,81,3837.0,3848.0,c019,c027,silver sedan,2
2,c024,52,3890.0,3904.0,c027,c019,blue chevy pickup,2
2,c024,82,3902.0,3909.0,c019,c027,black chevy sedan,2
2,c024,83,3942.0,3952.0,c019,c027,white honda sedan,2
2,c024,54,3990.0,4000.0,c027,c019,red dodge suv,2
2,c024,55,4023.0,4036.0,c027,c019,red sedan,2
2,c024,84,4153.0,4164.0,c019,c027,gray suv,2
2,c024,85,4177.0,4185.0,c019,c027,dirty jeep wrangler,2
2,c024,57,4200.0,4212.0,c027,c019,orange ford pickup,2
2,c024,86,4209.0,4217.0,c019,c027,black honda crv,2
2,c024,58,4223.0,4234.0,c027,c019,blue jeep wrangler,2
2,c024,59,4261.0,4274.0,c027,c019,black buick suv,2
2,c024,60,4284.0,4295.0,c027,c019,gray nissan suv big,2
2,c027,19,,16.0,,c027,gold lincoln sedan,2
2,c027,87,50.0,78.0,c027,c024,green subaru sedan,2
2,c027,65,93.0,117.0,c024,c027,red ford sedan,2
2,c027,88,107.0,147.0,c027,c024,white kia suv,2
2,c027,89,203.0,238.0,c027,c024,white jeep suv,2
2,c027,90,305.0,330.0,c024,c027,green bus,7
2,c027,67,539.0,563.0,c024,c027,gold chevy sedan,2
2,c027,23,602.0,629.0,c024,c027,police car,2
2,c027,91,676.0,713.0,c027,c024,white sedan,2
2,c027,92,,702.0,,c027,black subaru forester,2
2,c027,93,718.0,744.0,c024,c027,red chevy sedan,2
2,c027,94,838.0,882.0,c027,c024,white buick suv,2
2,c027,1,984.0,1022.0,c027,c024,silver chevy sedan,2
2,c027,2,1022.0,1068.0,c027,c024,white mustang,2
2,c027,3,1050.0,1108.0,c027,c024,black honda suv,2
2,c027,96,1173.0,1204.0,c024,c027,brown chevy pickup with box,2
2,c027,97,1237.0,1276.0,c027,c024,orange dodge suv,2
2,c027,8,1399.0,1717.0,c027,c027,silver toyota suv,2
2,c027,32,1439.0,1468.0,c024,c027,red dodge minivan,2
2,c027,98,1447.0,,c027,,white chevy sedan,2
2,c027,99,1504.0,,c024,,blue sedan,2
2,c027,12,1505.0,1538.0,c027,c024,white toyota crv,2
2,c027,15,1548.0,1597.0,c027,c024,purple toyota crv,2
2,c027,100,1592.0,1688.0,c027,c024,black kia soul,2
2,c027,101,1635.0,1782.0,c027,c024,white toyota sedan,2
2,c027,102,1757.0,1782.0,c024,c027,red sedan,2
2,c027,95,1782.0,1851.0,c027,c024,silver hyundai sedan,2
2,c027,39,,1810.0,,c027,blue honda sedan,2
2,c027,71,1824.0,,c027,,white chrystler minivan,2
2,c027,42,1846.0,1876.0,c024,c027,green chevy pickup,2
2,c027,103,1950.0,1988.0,c027,c024,silver toyota minivan,2
2,c027,17,1963.0,2052.0,c027,c024,white chevy suv,2
2,c027,104,2023.0,2134.0,c027,c024,white gmc pickup,2
2,c027,105,2059.0,2167.0,c027,c024,gray chevy pickup,2
2,c027,20,2128.0,2270.0,c027,c024,red ford suv,2
2,c027,21,2179.0,2337.0,c027,c024,black gmc suv,2
2,c027,22,2223.0,2408.0,c027,c024,green jeep suv,2
2,c027,106,2275.0,2296.0,c024,c027,gray hyundai suv,2
2,c027,72,2316.0,2474.0,c027,c024,white chevy suburban,2
2,c027,50,2346.0,2368.0,c024,c027,gray hyundai suv,2
2,c027,107,2388.0,2624.0,c027,c024,black subaru forester,2
2,c027,24,2556.0,2766.0,c027,c024,blue jeep suv,2
2,c027,74,2578.0,2834.0,c027,c024,white chevy pickup,2
2,c027,25,2656.0,2968.0,c027,c024,red jeep box suv,2
2,c027,51,,2670.0,,c027,green ford suv,2
2,c027,76,2796.0,3058.0,c027,c024,white jeep wrangler,2
2,c027,108,2862.0,3103.0,c027,c024,red ford pickup,2
2,c027,77,2968.0,3171.0,c027,c024,black jeep suv,2
2,c027,109,3005.0,3031.0,c024,c027,blue toyota crv,2
2,c027,30,3161.0,3245.0,c027,c024,silver chrystler suv,2
2,c027,31,3206.0,3347.0,c027,c024,gray nissan suv,2
2,c027,33,3241.0,3374.0,c027,c024,white dodge minivan,2
2,c027,34,3262.0,3473.0,c027,c024,gold chevy sedan,2
2,c027,81,3324.0,3350.0,c024,c027,silver sedan,2
2,c027,35,3350.0,3568.0,c027,c024,blue saab sedan,2
2,c027,36,3369.0,3648.0,c027,c024,white kia suv,2
2,c027,38,3406.0,3731.0,c027,c024,gray hyundai suv,2
2,c027,40,3439.0,3809.0,c027,c024,brown hyundai suv,2
2,c027,110,3481.0,3509.0,c024,c027,red bentley sedan,2
2,c027,84,3546.0,3573.0,c024,c027,gray honda suv,2
2,c027,79,3583.0,,c027,,silver chevy sedan,2
2,c027,41,3613.0,,c027,,white buick sedan,2
2,c027,111,3656.0,,c024,,gold chevy blazer,2
2,c027,85,3682.0,3719.0,c024,c027,dirty jeep wrangler,2
2,c027,43,3726.0,,c027,,blue chevy sedan,2
2,c027,86,3735.0,3760.0,c024,c027,black honda crv,2
2,c027,112,3772.0,3799.0,c024,c027,white lexus sedan,2
3,c029,0,0.0,36.0,c029,c033,silver nissan suv,2
3,c029,1,42.0,86.0,c029,c033,red/black suv,2
3,c029,2,42.0,91.0,c033,c029,black mistu suv,2
3,c029,3,63.0,104.0,c033,c029,white hyundai sedan,2
3,c029,4,101.0,139.0,c033,c029,black jeep suv,2
3,c029,5,174.0,222.0,c033,c029,blue nissan sedan,2
3,c029,6,233.0,269.0,c029,c033,gold chevy sedan,2
3,c029,7,273.0,313.0,c029,c033,orange bug,2
3,c029,8,278.0,329.0,c033,c029,blue ford suv,2
3,c029,9,313.0,353.0,c033,c029,white ford sedan,2
3,c029,10,478.0,531.0,c033,c029,blue nissan suv,2
3,c029,11,511.0,552.0,c029,c033,white ford pickup,2
3,c029,12,552.0,586.0,c033,c029,white kia suv,2
3,c029,13,596.0,629.0,c029,c033,white lincoln suv,2
3,c029,14,649.0,693.0,c033,c029,white jeep suv,2
3,c029,15,712.0,748.0,c029,c033,silver pontiac sedan,2
3,c029,16,712.0,772.0,c033,c029,black mercury sedan,2
3,c029,17,734.0,770.0,c029,c033,dark gray volkswagen sedan,2
3,c029,18,757.0,801.0,c033,c029,white chevy suv,2
3,c029,19,801.0,849.0,c033,c029,black honda suv,2
3,c029,20,805.0,843.0,c029,c033,red chrystler minivan,2
3,c029,21,886.0,916.0,c033,c029,black ford suv,2
3,c029,22,886.0,921.0,c029,c033,red dodge minivan,2
3,c029,23,909.0,951.0,c029,c033,gray ram sedan,2
3,c029,24,964.0,1005.0,c029,c033,red mistubishi sedan,2
3,c029,25,1016.0,1065.0,c033,c029,black mistubishi sedan,2
3,c029,26,1034.0,1072.0,c029,c033,green dirty minivan,2
3,c029,27,1080.0,1117.0,c033,c029,silver subaru wagon,2
3,c029,28,1117.0,1150.0,c029,c033,brown chevy pickup,2
3,c029,29,1123.0,1168.0,c033,c029,green big bus,7
3,c029,30,1159.0,1195.0,c033,c029,white sedan,2
3,c029,31,1234.0,1289.0,c029,c033,silver dodge sedan,2
3,c029,32,1250.0,1289.0,c033,c029,silver subaru wagon,2
3,c029,33,1275.0,1316.0,c029,c033,gray chevy pickup with stuff,2
3,c029,34,1324.0,1357.0,c033,c029,white buick suv,2
3,c029,35,1399.0,1439.0,c033,c029,black volkswagen suv,2
3,c029,36,1407.0,1446.0,c029,c033,white work pickup,2
3,c029,37,1423.0,1457.0,c033,c029,black chevy sedan,2
3,c029,38,1428.0,1466.0,c029,c033,white chevy minivan,2
3,c029,39,1446.0,1481.0,c033,c029,gray sedan,2
3,c029,40,1475.0,1509.0,c033,c029,gray honda fit,2
3,c029,41,1498.0,1534.0,c033,c029,white jeep wrangler,2
3,c029,42,1528.0,1556.0,c029,c033,gray honda sedan,2
3,c029,43,1543.0,1583.0,c029,c033,blue chrystler minivan,2
3,c029,44,1589.0,1635.0,c033,c029,black honda suv,2
3,c029,45,1610.0,1649.0,c029,c033,silver audi sedan,2
3,c029,46,1619.0,1679.0,c033,c029,silver honda suv,2
3,c029,47,1631.0,1673.0,c029,c033,silver nissan wagon,2
3,c029,48,1659.0,1710.0,c033,c029,silver chrystler minivan,2
3,c029,49,1700.0,1741.0,c033,c029,red dodge suv,2
3,c029,50,1718.0,1762.0,c033,c029,blue ram minivan,2
3,c029,51,1757.0,1787.0,c029,c033,black mazda sedan,2
3,c029,52,1772.0,1815.0,c029,c033,black chevy pickup,2
3,c029,53,1805.0,1860.0,c033,c029,red jeep suv,2
3,c029,54,1815.0,1850.0,c029,c033,blue toyota suv,2
3,c029,55,1843.0,1889.0,c029,c033,black gmc suv,2
3,c029,56,1881.0,1922.0,c029,c033,silver sedan,2
3,c029,57,1937.0,1989.0,c033,c029,white chevy pickup,2
3,c029,58,1942.0,1983.0,c029,c033,black suv,2
3,c029,59,2023.0,2062.0,c029,c033,red chrystler sedan,2
3,c029,60,2093.0,2145.0,c033,c029,red chevy suv,2
3,c029,61,2102.0,2136.0,c029,c033,blue ford suv,2
3,c029,62,2111.0,2159.0,c033,c029,white toyota suv,2
3,c029,63,2136.0,2180.0,c033,c029,purple toyota suv,2
3,c029,64,2145.0,2187.0,c029,c033,red chevy suv,2
3,c029,65,2159.0,2209.0,c033,c029,purple buick sedan,2
3,c029,66,2216.0,2255.0,c033,c029,black kia soul,2
3,c029,67,2240.0,2289.0,c033,c029,red chrystler sedan,2
3,c029,68,2274.0,2329.0,c033,c029,blue ford pickup,2
3,c029,69,2285.0,2325.0,c029,c033,red buick suv,2
3,c029,70,2350.0,2409.0,c033,c029,white ford sedan,2
3,c029,71,2363.0,2398.0,c029,c033,silver chevy suv,2
3,c029,72,2385.0,2426.0,c029,c033,black honda suv,2
3,c029,73,2417.0,2455.0,c029,c033,white jeep suv,2
3,c029,74,2421.0,2486.0,c033,c029,gray hyundai sedan,2
3,c029,75,2483.0,2528.0,c029,c033,black toyota sedan,2
3,c029,76,2520.0,2574.0,c033,c029,gold toyota minivan,2
3,c029,77,2544.0,2597.0,c033,c029,white chevy suv,2
3,c029,78,2563.0,2600.0,c029,c033,gray chevy suv,2
3,c029,79,2584.0,2628.0,c033,c029,black jeep suv,2
3,c029,80,2584.0,2618.0,c029,c033,white honda sedan,2
3,c029,81,2678.0,2725.0,c029,c033,white chevy pickup,2
3,c029,82,2744.0,2790.0,c033,c029,silver honda minivan,2
3,c029,83,2786.0,2823.0,c029,c033,silver honda fit,2
3,c029,84,2795.0,2864.0,c033,c029,black ford sedan,2
3,c029,85,2830.0,2887.0,c033,c029,white chevy pickup,2
3,c029,86,2879.0,2922.0,c029,c033,red dodge minivan,2
3,c029,87,2892.0,,c033,,red ford suv,2
3,c029,88,2910.0,2951.0,c029,c033,gray subaru sedan,2
3,c029,89,2922.0,2970.0,c029,c033,white kia suv,2
3,c029,90,2929.0,2973.0,c033,c029,black honda suv,2
3,c029,91,2964.0,3001.0,c033,c029,black gmc suv,2
3,c029,92,2981.0,3021.0,c029,c033,black toyota suv,2
3,c029,93,3003.0,3041.0,c029,c033,dirty jeep,2
3,c029,94,3109.0,3150.0,c033,c029,black jeep suv,2
3,c029,95,3137.0,3188.0,c033,c029,white chevy suv,2
3,c029,96,3165.0,3216.0,c033,c029,black dodge minivan,2
3,c029,97,3180.0,3213.0,c029,c033,silver chevy suv,2
3,c029,98,3271.0,3308.0,c029,c033,black dodge sedan,2
3,c029,99,3278.0,3329.0,c033,c029,blue jeep suv,2
3,c029,100,3287.0,3321.0,c029,c033,white honda fit,2
3,c029,101,3354.0,3392.0,c033,c029,gold chevy suv,2
3,c029,102,3383.0,3417.0,c029,c033,black honda sedan,2
3,c029,103,3392.0,3449.0,c033,c029,gray ford suv,2
3,c029,104,3402.0,3437.0,c029,c033,black jeep wrangler,2
3,c029,105,3453.0,3490.0,c029,c033,white jeep suv,2
3,c029,106,3468.0,3502.0,c029,c033,white jeep wrangler,2
3,c029,107,3472.0,3523.0,c033,c029,blue toyota sedan,2
3,c029,108,3511.0,,c029,,black chevy suv,2
3,c029,109,3517.0,,c033,,red jeep suv,2
3,c033,110,,11.0,,c034,black dodge minivan,2
3,c033,117,34.0,240.0,c034,c029,green big bus,7
3,c033,111,,38.0,,c034,red chevy sedan,2
3,c033,6,53.0,111.0,c029,c034,gold chevy sedan,2
3,c033,112,66.0,111.0,c034,c029,red audi sedan,2
3,c033,7,99.0,154.0,c029,c034,orange bug,2
3,c033,113,99.0,141.0,c034,c029,red toyota suv,2
3,c033,114,135.0,184.0,c029,c034,black sedan,2
3,c033,115,154.0,190.0,c034,c029,blue nissan sedan,2
3,c033,116,217.0,274.0,c034,c029,silver sedan,2
3,c033,2,236.0,295.0,c034,c029,black mistu suv,2
3,c033,4,250.0,295.0,c034,c029,black jeep suv,2
3,c033,118,259.0,319.0,c034,c029,white honda sedan,2
3,c033,119,304.0,348.0,c034,c029,white chrystler sedan,2
3,c033,120,332.0,391.0,c034,c029,black nissan sedan,2
3,c033,11,355.0,398.0,c029,c034,white ford pickup,2
3,c033,121,371.0,404.0,c034,c029,white toyota hatchback,2
3,c033,122,409.0,449.0,c034,c029,black ram pickup,2
3,c033,13,449.0,489.0,c029,c034,white lincoln suv,2
3,c033,8,463.0,498.0,c034,c029,blue ford suv,2
3,c033,9,463.0,498.0,c034,c029,white ford sedan,2
3,c033,123,498.0,536.0,c029,c034,white honda suv,2
3,c033,124,514.0,542.0,c034,c029,silver toyota sedan,2
3,c033,125,549.0,575.0,c034,c029,white work van,2
3,c033,15,561.0,593.0,c029,c034,silver pontiac sedan,2
3,c033,17,579.0,616.0,c029,c034,dark gray volkswagen sedan,2
3,c033,126,605.0,647.0,c029,c034,black nissan suv,2
3,c033,20,663.0,693.0,c029,c034,red chrystler minivan,2
3,c033,127,668.0,702.0,c034,c029,black nissan suv,2
3,c033,128,704.0,726.0,c034,c029,tan suv,2
3,c033,22,713.0,753.0,c029,c034,red dodge minivan,2
3,c033,23,755.0,789.0,c029,c034,gray ram sedan,2
3,c033,14,811.0,835.0,c034,c029,white jeep suv,2
3,c033,24,816.0,848.0,c029,c034,red mistubishi sedan,2
3,c033,25,1214.0,1252.0,c034,c029,black mistubishi sedan,2
3,c033,26,884.0,919.0,c029,c034,green dirty minivan,2
3,c033,16,894.0,936.0,c034,c029,black mercury sedan,2
3,c033,129,899.0,927.0,c029,c034,black ram pickup,2
3,c033,130,919.0,967.0,c029,c034,green pontiac sedan,2
3,c033,18,936.0,967.0,c034,c029,white chevy suv,2
3,c033,19,967.0,1000.0,c034,c029,black honda suv,2
3,c033,28,985.0,1008.0,c029,c034,brown chevy pickup,2
3,c033,131,1000.0,1035.0,c029,c034,white ford suv,2
3,c033,21,1005.0,1035.0,c034,c029,black ford suv,2
3,c033,132,1057.0,1088.0,c034,c029,white kia sedan,2
3,c033,133,1074.0,1112.0,c029,c034,gray chevy suv,2
3,c033,134,1080.0,1115.0,c034,c029,white chevy pickup,2
3,c033,135,1093.0,1132.0,c029,c034,black ford sedan,2
3,c033,33,1126.0,1162.0,c029,c034,gray chevy pickup with stuff,2
3,c033,36,1232.0,1272.0,c029,c034,white work pickup,2
3,c033,27,1242.0,1277.0,c034,c029,silver subaru wagon,2
3,c033,38,1252.0,1294.0,c029,c034,white chevy minivan,2
3,c033,136,1287.0,1328.0,c029,c034,silver subaru sedan,2
3,c033,29,1294.0,1333.0,c034,c029,green big bus,7
3,c033,30,1322.0,1347.0,c034,c029,white chevy sedan,2
3,c033,42,1367.0,1404.0,c029,c034,gray honda sedan,2
3,c033,137,1376.0,1419.0,c034,c029,white ford sedan,2
3,c033,43,1383.0,1421.0,c029,c034,blue chrystler minivan,2
3,c033,138,1404.0,1443.0,c029,c034,green dodge pickup,2
3,c033,139,1412.0,1454.0,c034,c029,black mustang,2
3,c033,32,1426.0,1447.0,c034,c029,silver subaru wagon,2
3,c033,45,1458.0,1497.0,c029,c034,silver audi sedan,2
3,c033,140,1477.0,,c034,,red subaru wagon,2
3,c033,47,1477.0,1507.0,c029,c034,silver nissan wagon,2
3,c033,34,1499.0,1530.0,c034,c029,white buick suv,2
3,c033,141,1499.0,1548.0,c029,c034,black ford suv,2
3,c033,142,1515.0,1763.0,c034,c029,white toyota suv,2
3,c033,143,1548.0,1587.0,c029,c034,white mazda suv,2
3,c033,144,1548.0,1575.0,c029,c034,silver ford car,2
3,c033,51,1557.0,1626.0,c029,c034,black mazda sedan,2
3,c033,37,1593.0,1614.0,c034,c029,black chevy sedan,2
3,c033,52,1601.0,1645.0,c029,c034,black chevy pickup,2
3,c033,39,1614.0,1631.0,c034,c029,gray sedan,2
3,c033,54,1645.0,1688.0,c029,c034,blue toyota suv,2
3,c033,41,1678.0,1703.0,c034,c029,white jeep wrangler,2
3,c033,55,1680.0,1714.0,c029,c034,black gmc suv,2
3,c033,145,1694.0,1716.0,c034,c029,white sedan,2
3,c033,146,1721.0,1747.0,c034,c029,red wagon,2
3,c033,56,1724.0,1763.0,c029,c034,silver sedan,2
3,c033,35,1738.0,1793.0,c034,c029,black volkswagen suv,2
3,c033,40,1756.0,1817.0,c034,c029,gray honda fit,2
3,c033,44,1773.0,1793.0,c034,c029,black honda suv,2
3,c033,58,1800.0,1835.0,c029,c034,black suv,2
3,c033,46,1809.0,1839.0,c034,c029,silver honda suv,2
3,c033,147,1843.0,1878.0,c034,c029,blue volvo sedan,2
3,c033,48,1866.0,1902.0,c034,c029,silver chrystler minivan,2
3,c033,49,1886.0,1921.0,c034,c029,red dodge suv,2
3,c033,59,1886.0,1916.0,c029,c034,red chrystler sedan,2
3,c033,148,1911.0,1944.0,c029,c034,black toyota sedan,2
3,c033,50,1916.0,1954.0,c034,c029,blue ram minivan,2
3,c033,149,1958.0,1989.0,c034,c029,black jeep suv,2
3,c033,150,1964.0,1996.0,c029,c034,black ford suv,2
3,c033,60,2276.0,2317.0,c034,c029,red chevy suv,2
3,c033,53,1994.0,2039.0,c034,c029,red jeep suv,2
3,c033,151,2000.0,2035.0,c029,c034,white chevy van,2
3,c033,152,2039.0,2071.0,c029,c034,black gmc suv,2
3,c033,154,2056.0,2093.0,c029,c034,white range rover,2
3,c033,153,2067.0,2115.0,c034,c029,silver chevy sedan,2
3,c033,69,2115.0,2152.0,c029,c034,red buick suv,2
3,c033,157,2125.0,2163.0,c029,c034,white jeep suv,2
3,c033,57,2134.0,2163.0,c034,c029,white chevy pickup,2
3,c033,155,2143.0,2182.0,c029,c034,silver jeep suv,2
3,c033,71,2177.0,2220.0,c029,c034,silver chevy suv,2
3,c033,156,2200.0,2236.0,c029,c034,gold chevy suv,2
3,c033,72,2220.0,2258.0,c029,c034,black honda suv,2
3,c033,62,2289.0,2328.0,c034,c029,white toyota suv,2
3,c033,75,2295.0,2335.0,c029,c034,black toyota sedan,2
3,c033,63,2323.0,2345.0,c034,c029,purple toyota suv,2
3,c033,65,2345.0,2370.0,c034,c029,purple buick sedan,2
3,c033,158,2357.0,2402.0,c029,c034,red dodge pickup,2
3,c033,66,2373.0,2426.0,c034,c029,black kia soul,2
3,c033,78,2397.0,2440.0,c029,c034,gray chevy suv,2
3,c033,67,2399.0,2455.0,c034,c029,red chrystler sedan,2
3,c033,80,2417.0,2454.0,c029,c034,white honda sedan,2
3,c033,159,2440.0,2481.0,c029,c034,white mazda sedan,2
3,c033,68,2450.0,2464.0,c034,c029,blue ford pickup,2
3,c033,81,2515.0,2553.0,c029,c034,white chevy pickup,2
3,c033,160,2539.0,2575.0,c029,c034,gray chrysler sedan,2
3,c033,161,2548.0,2584.0,c034,c029,white chevy suv,2
3,c033,162,2548.0,2584.0,c034,c029,silver buick sedan,2
3,c033,70,2566.0,2607.0,c034,c029,white ford sedan,2
3,c033,186,2566.0,2622.0,c029,c034,big green bus,7
3,c033,163,2598.0,2629.0,c034,c029,black ford suv,2
3,c033,83,2614.0,2651.0,c029,c034,silver honda fit,2
3,c033,74,2622.0,2661.0,c034,c029,gray hyundai sedan,2
3,c033,164,2657.0,2696.0,c034,c029,white ford pickup,2
3,c033,86,2686.0,2714.0,c029,c034,red dodge minivan,2
3,c033,88,2702.0,2744.0,c029,c034,gray subaru sedan,2
3,c033,76,2722.0,2762.0,c034,c029,gold toyota minivan,2
3,c033,77,2722.0,2768.0,c034,c029,white chevy suv,2
3,c033,165,2754.0,2797.0,c029,c034,black ford pickup,2
3,c033,79,2758.0,2783.0,c034,c029,black jeep suv,2
3,c033,92,2835.0,2871.0,c029,c034,black toyota suv,2
3,c033,166,2844.0,2916.0,c034,c029,gray ford pickup,2
3,c033,93,2855.0,2893.0,c029,c034,dirty jeep,2
3,c033,173,2866.0,2911.0,c029,c034,silver suv,2
3,c033,167,2876.0,2975.0,c034,c029,black mazda suv,2
3,c033,168,2916.0,2936.0,c034,c029,blue minivan,2
3,c033,169,2939.0,2975.0,c029,c034,blue chrysler minivan,2
3,c033,170,2943.0,2963.0,c034,c029,black sedan,2
3,c033,171,2975.0,3009.0,c029,c034,black jeep suv,2
3,c033,172,2981.0,3020.0,c029,c034,white buick sedan,2
3,c033,85,3027.0,3065.0,c034,c029,white chevy pickup,2
3,c033,97,3042.0,3075.0,c029,c034,silver chevy suv,2
3,c033,174,3060.0,3098.0,c029,c034,red honda suv,2
3,c033,87,3075.0,3104.0,c034,c029,red ford suv,2
3,c033,90,3104.0,3130.0,c034,c029,black honda suv,2
3,c033,98,3117.0,3154.0,c029,c034,black dodge sedan,2
3,c033,91,3124.0,3154.0,c034,c029,black gmc suv,2
3,c033,100,3134.0,3166.0,c029,c034,white honda fit,2
3,c033,175,3225.0,3257.0,c034,c029,black volkswagen sedan,2
3,c033,102,3234.0,3279.0,c029,c034,black honda sedan,2
3,c033,176,3240.0,3265.0,c034,c029,gray nissan sedan,2
3,c033,177,3240.0,3265.0,c034,c029,black hyundai suv,2
3,c033,104,3248.0,3286.0,c029,c034,black jeep wrangler,2
3,c033,94,3279.0,3302.0,c034,c029,black jeep suv,2
3,c033,105,3291.0,3333.0,c029,c034,white jeep suv,2
3,c033,106,3319.0,3350.0,c029,c034,white jeep wrangler,2
3,c033,95,3319.0,3340.0,c034,c029,white chevy suv,2
3,c033,96,3350.0,3373.0,c034,c029,black dodge minivan,2
3,c033,108,3373.0,3404.0,c029,c034,black chevy suv,2
3,c034,6,69.0,89.0,c033,c034,gold chevy sedan,2
3,c034,7,114.0,130.0,c033,c034,orange bug,2
3,c034,114,145.0,159.0,c033,c034,black sedan,2
3,c034,112,170.0,193.0,c034,c033,red audi sedan,2
3,c034,113,205.0,235.0,c034,c033,red toyota suv,2
3,c034,178,254.0,291.0,c034,c033,blue mazda sedan,2
3,c034,117,309.0,354.0,c034,c033,green big bus,7
3,c034,116,354.0,453.0,c034,c033,silver chrysler sedan,2
3,c034,4,354.0,,c034,,black jeep suv,2
3,c034,2,371.0,484.0,c034,c033,black mistu suv,2
3,c034,11,,378.0,,c034,white ford pickup,2
3,c034,118,401.0,559.0,c034,c033,white honda sedan,2
3,c034,13,453.0,468.0,c033,c034,white lincoln suv,2
3,c034,123,487.0,505.0,c033,c034,white honda suv,2
3,c034,119,487.0,612.0,c034,c033,white chrystler sedan,2
3,c034,179,487.0,512.0,c034,c033,white toyota hatchback,2
3,c034,122,532.0,559.0,c034,c033,black ram pickup,2
3,c034,15,562.0,575.0,c033,c034,silver pontiac sedan,2
3,c034,8,575.0,704.0,c034,c033,blue ford suv,2
3,c034,9,575.0,674.0,c034,c033,white ford sedan,2
3,c034,17,581.0,600.0,c033,c034,dark gray volkswagen sedan,2
3,c034,126,600.0,612.0,c033,c034,black nissan suv,2
3,c034,124,633.0,770.0,c034,c033,silver toyota sedan,2
3,c034,20,661.0,674.0,c033,c034,red chrystler minivan,2
3,c034,125,682.0,825.0,c034,c033,white work van,2
3,c034,22,707.0,728.0,c033,c034,red dodge minivan,2
3,c034,23,757.0,770.0,c033,c034,gray ram sedan,2
3,c034,127,784.0,918.0,c034,c033,black nissan suv,2
3,c034,24,810.0,827.0,c033,c034,red mistubishi sedan,2
3,c034,180,825.0,998.0,c034,c033,white kia suv,2
3,c034,25,1348.0,1399.0,c034,c033,black mistubishi sedan,2
3,c034,181,880.0,1063.0,c034,c033,gray jeep suv,2
3,c034,26,884.0,896.0,c033,c034,green dirty minivan,2
3,c034,129,896.0,907.0,c033,c034,black ram pickup,2
3,c034,14,935.0,1153.0,c034,c033,white jeep suv,2
3,c034,28,973.0,1001.0,c033,c034,brown chevy pickup,2
3,c034,131,1001.0,1013.0,c033,c034,white ford suv,2
3,c034,16,1050.0,1153.0,c034,c033,black mercury sedan,2
3,c034,133,1063.0,1078.0,c033,c034,gray chevy suv,2
3,c034,135,1078.0,1096.0,c033,c034,black ford sedan,2
3,c034,21,1102.0,1124.0,c034,c033,black ford suv,2
3,c034,18,1106.0,1214.0,c034,c033,white chevy suv,2
3,c034,33,1124.0,1136.0,c033,c034,gray chevy pickup with stuff,2
3,c034,132,1170.0,1246.0,c034,c033,white kia sedan,2
3,c034,19,1177.0,1274.0,c034,c033,black honda suv,2
3,c034,134,1198.0,1301.0,c034,c033,white chevy pickup,2
3,c034,36,1226.0,1246.0,c033,c034,white work pickup,2
3,c034,38,1252.0,1266.0,c033,c034,white chevy minivan,2
3,c034,182,1266.0,1348.0,c034,c033,red honda suv,2
3,c034,136,1282.0,1296.0,c033,c034,silver subaru sedan,2
3,c034,42,1366.0,1381.0,c033,c034,gray honda sedan,2
3,c034,43,1386.0,1399.0,c033,c034,blue chrystler minivan,2
3,c034,27,1392.0,1453.0,c034,c033,silver subaru wagon,2
3,c034,183,1396.0,1411.0,c033,c034,blue dodge pickup,2
3,c034,29,1415.0,1446.0,c034,c033,green big bus,7
3,c034,30,1442.0,1497.0,c034,c033,white chevy sedan,2
3,c034,45,,1462.0,,c034,silver audi sedan,2
3,c034,47,,1472.0,,c034,gray nissan wagon,2
3,c034,139,1531.0,1564.0,c034,c033,black mustang,2
3,c034,32,1531.0,1564.0,c034,c033,silver subaru wagon,2
3,c034,143,1533.0,1552.0,c033,c034,white mazda suv,2
3,c034,144,1540.0,1559.0,c033,c034,silver ford car,2
3,c034,51,1552.0,1562.0,c033,c034,black mazda sedan,2
3,c034,34,1602.0,1643.0,c034,c033,white buick suv,2
3,c034,52,1604.0,1620.0,c033,c034,black chevy pickup,2
3,c034,55,1677.0,1688.0,c033,c034,black gmc suv,2
3,c034,37,1693.0,1728.0,c034,c033,black chevy sedan,2
3,c034,39,1718.0,1760.0,c034,c033,gray sedan,2
3,c034,56,1724.0,1739.0,c033,c034,silver sedan,2
3,c034,41,1789.0,1816.0,c034,c033,white jeep wrangler,2
3,c034,145,1789.0,1807.0,c034,c033,white mitsu sedan,2
3,c034,58,1798.0,,c033,,black suv,2
3,c034,146,1820.0,1844.0,c034,c033,red wagon,2
3,c034,142,1849.0,1896.0,c034,c033,white toyota suv,2
3,c034,44,1882.0,1910.0,c034,c033,black honda suv,2
3,c034,35,1882.0,1975.0,c034,c033,black volkswagen suv,2
3,c034,59,1885.0,1900.0,c033,c034,red chrystler sedan,2
3,c034,148,1903.0,1921.0,c033,c034,black toyota sedan,2
3,c034,46,1921.0,1955.0,c034,c033,silver honda suv,2
3,c034,40,1921.0,2032.0,c034,c033,gray honda fit,2
3,c034,150,1962.0,1973.0,c033,c034,black ford suv,2
3,c034,147,1973.0,2032.0,c034,c033,blue volvo sedan,2
3,c034,60,2400.0,2432.0,c034,c033,red chevy suv,2
3,c034,151,1991.0,2006.0,c033,c034,white chevy van,2
3,c034,48,2006.0,2092.0,c034,c033,silver chrystler minivan,2
3,c034,184,2015.0,2037.0,c033,c034,white sprinter van,2
3,c034,49,2032.0,2157.0,c034,c033,red dodge suv,2
3,c034,152,2040.0,2051.0,c033,c034,black gmc suv,2
3,c034,154,2047.0,2061.0,c033,c034,white range rover,2
3,c034,185,2059.0,2073.0,c033,c034,gray beat up sedan,2
3,c034,50,2065.0,2231.0,c034,c033,blue ram minivan,2
3,c034,149,2073.0,2114.0,c034,c033,black jeep suv,2
3,c034,69,2104.0,2121.0,c033,c034,red buick suv,2
3,c034,157,2118.0,2132.0,c033,c034,white jeep suv,2
3,c034,53,2121.0,2231.0,c034,c033,red jeep suv,2
3,c034,155,2143.0,2153.0,c033,c034,silver jeep suv,2
3,c034,153,2188.0,2333.0,c034,c033,silver chevy sedan,2
3,c034,156,2194.0,2206.0,c033,c034,gold chevy suv,2
3,c034,72,2213.0,2227.0,c033,c034,black honda suv,2
3,c034,57,2259.0,2333.0,c034,c033,white chevy pickup,2
3,c034,75,2292.0,2309.0,c033,c034,black toyota sedan,2
3,c034,158,2350.0,2367.0,c033,c034,red dodge pickup,2
3,c034,78,2397.0,2410.0,c033,c034,gray chevy suv,2
3,c034,62,2410.0,2432.0,c034,c033,white toyota suv,2
3,c034,80,2420.0,2432.0,c033,c034,white honda sedan,2
3,c034,63,2438.0,2518.0,c034,c033,purple toyota suv,2
3,c034,65,2457.0,2580.0,c034,c033,purple buick sedan,2
3,c034,81,2506.0,2521.0,c033,c034,white chevy pickup,2
3,c034,67,2548.0,2580.0,c034,c033,red chrystler sedan,2
3,c034,68,2559.0,2635.0,c034,c033,blue ford pickup,2
3,c034,186,2570.0,2580.0,c033,c034,big green bus,7
3,c034,83,2609.0,2625.0,c033,c034,silver honda fit,2
3,c034,86,2662.0,2679.0,c033,c034,red dodge minivan,2
3,c034,161,2662.0,2696.0,c034,c033,white chevy suv,2
3,c034,162,2683.0,2727.0,c034,c033,silver buick sedan,2
3,c034,88,2689.0,2705.0,c033,c034,gray subaru sedan,2
3,c034,70,2705.0,2796.0,c034,c033,white ford sedan,2
3,c034,163,2740.0,2843.0,c034,c033,black ford suv,2
3,c034,165,2750.0,2765.0,c033,c034,black ford pickup,2
3,c034,74,2754.0,2790.0,c034,c033,gray hyundai sedan,2
3,c034,164,2796.0,2845.0,c034,c033,white ford pickup,2
3,c034,92,2834.0,2847.0,c033,c034,black toyota suv,2
3,c034,76,2852.0,2955.0,c034,c033,gold toyota minivan,2
3,c034,77,2852.0,2896.0,c034,c033,white chevy suv,2
3,c034,93,2857.0,2871.0,c033,c034,dirty jeep,2
3,c034,173,2857.0,2871.0,c033,c034,silver suv,2
3,c034,79,2875.0,2955.0,c034,c033,black jeep suv,2
3,c034,169,2928.0,2945.0,c033,c034,blue chrysler minivan,2
3,c034,171,2955.0,2975.0,c033,c034,black jeep suv,2
3,c034,172,2959.0,2979.0,c033,c034,white buick sedan,2
3,c034,168,3023.0,3061.0,c034,c033,blue minivan,2
3,c034,97,3038.0,3049.0,c033,c034,silver chevy suv,2
3,c034,170,3052.0,3169.0,c034,c033,black sedan,2
3,c034,174,3055.0,3070.0,c033,c034,red honda suv,2
3,c034,167,3066.0,3098.0,c034,c033,black mazda suv,2
3,c034,98,3115.0,3129.0,c033,c034,black dodge sedan,2
3,c034,100,3129.0,3142.0,c033,c034,white honda fit,2
3,c034,85,3149.0,3184.0,c034,c033,white chevy pickup,2
3,c034,187,3199.0,3212.0,c033,c034,green subaru wagon,2
3,c034,90,3205.0,3234.0,c034,c033,black honda suv,2
3,c034,102,3226.0,3238.0,c033,c034,black honda sedan,2
3,c034,91,3238.0,3264.0,c034,c033,black gmc suv,2
3,c034,104,3244.0,3256.0,c033,c034,black jeep wrangler,2
3,c034,105,3290.0,3306.0,c033,c034,white jeep suv,2
3,c034,106,3316.0,3325.0,c033,c034,white jeep wrangler,2
3,c034,175,3338.0,3360.0,c034,c033,black volkswagen sedan,2
3,c034,176,3338.0,3377.0,c034,c033,gray nissan sedan,2
3,c034,177,3353.0,,c034,,black hyundai suv,2
3,c034,108,3369.0,3385.0,c033,c034,black chevy suv,2
3,c034,94,3393.0,,c034,,black jeep suv,2
